"","locality","sites","region","area","biomassarea1","biomassarea2","biomassarea","lon","lat","grav_total","Age_of_protection","Class"
"1","abrolhos","abrolhos_1","sw_atlantic",6560,129.245491153322,129.245491153322,135.102410397464,-38.6928,-17.9649,24.5418829,36,"Restricted"
"2","aceh","aceh_1","central_iwp",17500,453.732283021191,453.732283021191,510.601079626816,95.26,5.8791,131.2382199,36,"Closed"
"3","aceh","aceh_2","central_iwp",2000,86.560116817568,86.560116817568,110.039306782019,95.1565,5.6286,450.3657373,0,"Fished"
"4","aceh","aceh_4","central_iwp",2500,98.3583312355667,98.3583312355667,241.948983374381,95.3501,5.866,170.9666102,9,"Restricted"
"5","aceh","aceh_5","central_iwp",3000,126.915339444424,126.915339444424,147.149428466999,95.3417,5.7889,379.9162581,0,"Fished"
"6","ailuk_atoll","ailuk_atoll_1","central_pacific",2500,580.072237405559,580.072237405559,728.759676414717,169.9616,10.2477,0.297504049,9,"Closed"
"7","ailuk_atoll","ailuk_atoll_2","central_pacific",2000,1100.79362712647,1100.79362712647,1384.14753460951,169.8599,10.2817,8.17660596,9,"Closed"
"8","ailuk_atoll","ailuk_atoll_3","central_pacific",2500,451.992488518573,451.992488518573,606.509247443008,169.9125,10.387,0.916308183,9,"Closed"
"9","ambon","ambon_1","central_iwp",5000,326.135092976216,326.135092976216,935.136599487091,128.1243,-3.7329,1098.96048,0,"Fished"
"10","austral_islands","austral_islands_1","polynesian",6000,34.4715279976985,34.4715279976985,50.8044234587028,-154.718,-21.802,0.005855667,0,"Fished"
"11","bali","bali_1","central_iwp",9000,422.94974390637,422.94974390637,443.884256915228,115.595,-8.2778,2332.618606,0,"Fished"
"12","Bazaruto","2 Mile","western_indian",3800,39.4278718401437,39.4278718401437,40.4756421381608,35.4523,-22.0393,36,19,"Closed"
"13","Bazaruto","6 Mile","western_indian",800,68.3892386787593,68.3892386787593,72.0543822627544,35.5021,-21.7271,28,19,"Closed"
"14","Bazaruto","Baluba","western_indian",400,120.401696661823,120.401696661823,125.506116815995,35.5268,-22.0433,36,19,"Closed"
"15","Bazaruto","Lighthouse","western_indian",2100,46.1181278512811,46.1181278512811,51.0563910744373,35.4982,-21.5193,22,19,"Closed"
"16","Bazaruto","Magaruque","western_indian",600,166.87691136875,166.87691136875,194.0491070972,35.4266,-21.9622,28,19,"Closed"
"17","Bazaruto","Santa Carolina","western_indian",1700,55.0636798966171,55.0636798966171,60.0543374321591,35.3362,-21.6275,28,19,"Closed"
"18","belize","belize_2","caribbean",16500,155.208719343479,155.208719343479,175.583646967671,-88.0841,16.7938,101.3461117,23,"Restricted"
"19","belize","belize_3","caribbean",2000,141.208764016516,141.208764016516,150.37539616279,-88.0662,16.8683,100.5459794,23,"Restricted"
"20","bocas_del_toro","bocas_del_toro_1","caribbean",4000,33.0792758165461,33.0792758165461,33.3294827121394,-82.1108,9.2597,64.90122141,0,"Fished"
"21","bocas_del_toro","bocas_del_toro_2","caribbean",4500,67.3510315647316,67.3510315647316,68.3223178931151,-82.3379,9.2645,125.8592676,0,"Fished"
"22","bocas_del_toro","bocas_del_toro_3","caribbean",7500,77.7404291946361,77.7404291946361,81.7912525078971,-82.2706,9.3373,131.9897393,0,"Fished"
"23","bonaire","bonaire_1","caribbean",2500,510.441048527564,510.441048527564,525.481289007354,-68.2681,12.0458,76.32979504,27,"Restricted"
"24","bonaire","bonaire_2","caribbean",1500,289.714898910284,289.714898910284,294.005483416685,-68.2877,12.1126,53.52726759,27,"Restricted"
"25","bonaire","bonaire_3","caribbean",3000,274.959332105203,274.959332105203,315.24667451811,-68.3237,12.2084,159.6667909,27,"Restricted"
"26","cambodia","cambodia_1","central_iwp",2500,52.4089663136106,52.4089663136106,64.8330462303085,103.2937,10.6293,251.4285945,0,"Fished"
"27","capricorn_group","capricorn_group_1","sw_pacific",4500,584.921987653374,584.921987653374,657.730115208042,150.9469,-23.1919,9.916668674,15,"Closed"
"28","capricorn_group","capricorn_group_2","sw_pacific",8000,241.300328523629,241.300328523629,257.469076299987,152.3847,-23.8806,7.461503311,15,"Closed"
"29","capricorn_group","capricorn_group_4","sw_pacific",7000,268.58633017249,268.58633017249,354.371950120656,151.7587,-23.5191,6.779172882,15,"Restricted"
"30","capricorn_group","capricorn_group_6","sw_pacific",4500,312.677658024787,312.677658024787,368.325045173835,151.727,-23.2781,4.218634727,15,"Restricted"
"31","capricorn_group","capricorn_group_7","sw_pacific",2000,759.956826949143,759.956826949143,808.694042517471,151.0717,-23.157,8.798819935,15,"Closed"
"32","capricorn_group","capricorn_group_8","sw_pacific",6000,540.843075690895,713.859692357562,761.880123207929,151.9286,-23.2148,3.261797926,15,"Closed"
"33","central_coral_sea","central_coral_sea_1","sw_pacific",6000,242.075404059184,242.075404059184,293.316758773322,152.2226,-19.2887,0.105308823,7,"Closed"
"34","central_coral_sea","central_coral_sea_10","sw_pacific",2000,484.892858998633,484.892858998633,639.445086477352,151.8413,-17.1141,0.005860597,7,"Closed"
"35","central_coral_sea","central_coral_sea_12","sw_pacific",4500,323.25532833785,323.25532833785,622.193067167965,151.0713,-17.4272,0.13898351,7,"Closed"
"36","central_coral_sea","central_coral_sea_13","sw_pacific",2000,462.603198326491,462.603198326491,489.726022678329,150.952,-17.4516,0.14848753,7,"Closed"
"37","central_coral_sea","central_coral_sea_14","sw_pacific",5000,245.071416812481,303.332411924317,400.657557758971,150.789,-17.6788,0.21864636,7,"Closed"
"38","central_coral_sea","central_coral_sea_15","sw_pacific",3000,221.037505869258,221.037505869258,327.706715502283,150.6335,-17.7737,0.247770716,7,"Closed"
"39","central_coral_sea","central_coral_sea_16","sw_pacific",4000,255.324532924872,255.324532924872,398.04508640268,149.6135,-18.0708,0.436503634,7,"Closed"
"40","central_coral_sea","central_coral_sea_17","sw_pacific",4500,392.383739486522,392.383739486522,466.089990314449,148.4922,-17.8513,0.730447591,7,"Closed"
"41","central_coral_sea","central_coral_sea_18","sw_pacific",5000,308.597584969498,338.926491677543,569.246699752579,148.4486,-17.7109,0.703473762,7,"Closed"
"42","central_coral_sea","central_coral_sea_19","sw_pacific",7000,283.829950161149,283.829950161149,572.352049933749,150.3072,-16.5689,0.181255823,7,"Closed"
"43","central_coral_sea","central_coral_sea_2","sw_pacific",7000,227.440519396832,227.440519396832,237.671526505946,152.3429,-19.2461,0.095627052,7,"Closed"
"44","central_coral_sea","central_coral_sea_20","sw_pacific",4000,189.853992395184,189.853992395184,219.22095490491,149.9609,-16.2939,0.184343605,7,"Closed"
"45","central_coral_sea","central_coral_sea_21","sw_pacific",7000,474.882184614518,474.882184614518,597.657316676985,147.8493,-16.4949,0.599937535,7,"Closed"
"46","central_coral_sea","central_coral_sea_22","sw_pacific",12000,938.563061163001,1071.259059521,1458.30432952329,147.0995,-15.4857,0.558261139,7,"Closed"
"47","central_coral_sea","central_coral_sea_23","sw_pacific",2000,161.45589658436,161.45589658436,174.060230195177,152.3431,-18.9861,0.081743892,7,"Closed"
"48","central_coral_sea","central_coral_sea_3","sw_pacific",4000,352.646500347339,406.497500347339,509.468917499041,152.3876,-19.1104,0.083861723,7,"Closed"
"49","central_coral_sea","central_coral_sea_4","sw_pacific",5000,241.726872014919,306.034072014919,559.127458950821,149.195,-16.9329,0.326855143,7,"Closed"
"50","central_coral_sea","central_coral_sea_5","sw_pacific",8000,262.94391827933,262.94391827933,309.021802275171,149.9993,-16.9304,0.228821343,7,"Closed"
"51","central_coral_sea","central_coral_sea_6","sw_pacific",2000,214.055666679826,214.055666679826,381.35401342796,149.9051,-16.9665,0.242196096,7,"Closed"
"52","central_coral_sea","central_coral_sea_7","sw_pacific",13500,386.382276967534,435.410377251365,526.446359185388,155.8579,-17.4032,0,7,"Closed"
"53","central_coral_sea","central_coral_sea_8","sw_pacific",5000,386.852094137292,386.852094137292,658.075177786706,152.0767,-17.1215,0.000344196,7,"Closed"
"54","central_coral_sea","central_coral_sea_9","sw_pacific",4000,95.2119119428761,95.2119119428761,115.934828482856,151.984,-17.1153,0.002573642,7,"Closed"
"55","central_gbr","central_gbr_1","sw_pacific",4000,158.51783394994,158.51783394994,160.806296820849,145.9921,-16.945,12.60558979,15,"Restricted"
"56","central_gbr","central_gbr_10","sw_pacific",4000,237.927904718564,237.927904718564,268.722741536957,146.1925,-18.0397,8.772265516,15,"Closed"
"57","central_gbr","central_gbr_11","sw_pacific",2000,734.792788880975,857.412971205729,888.568504395352,146.4497,-17.7721,5.584992654,15,"Restricted"
"58","central_gbr","central_gbr_12","sw_pacific",1500,80.3258921451588,80.3258921451588,91.845588813283,148.2615,-19.9783,42.00170134,15,"Restricted"
"59","central_gbr","central_gbr_13","sw_pacific",8500,452.931005650163,452.931005650163,541.527845692013,148.9025,-20.0661,19.4375289,15,"Restricted"
"60","central_gbr","central_gbr_18","sw_pacific",2000,85.8467241310882,85.8467241310882,836.700667199277,147.447,-18.4048,1.947964267,15,"Closed"
"61","central_gbr","central_gbr_19","sw_pacific",3000,91.1664540931898,91.1664540931898,173.581192109819,147.38,-18.2662,1.770948976,15,"Closed"
"62","central_gbr","central_gbr_2","sw_pacific",4000,337.080106166836,337.080106166836,361.082377729747,145.9812,-16.566,7.410903311,15,"Closed"
"63","central_gbr","central_gbr_20","sw_pacific",2000,153.160744403909,153.160744403909,154.364967263607,147.403,-18.6505,2.843159731,15,"Restricted"
"64","central_gbr","central_gbr_21","sw_pacific",4000,894.643503978683,894.643503978683,989.392057788178,149.0719,-19.7987,2.434943659,15,"Closed"
"65","central_gbr","central_gbr_24","sw_pacific",3000,1250.38285701016,1250.38285701016,1418.72683117385,146.5018,-17.5199,5.169381462,15,"Closed"
"66","central_gbr","central_gbr_25","sw_pacific",2000,140.743057004118,140.743057004118,140.743057004118,145.5318,-16.5197,32.60832418,15,"Restricted"
"67","central_gbr","central_gbr_26","sw_pacific",2000,434.245314900765,539.349417960135,562.727377675358,145.5731,-16.3883,13.60789281,15,"Closed"
"68","central_gbr","central_gbr_27","sw_pacific",2000,213.455652442631,213.455652442631,215.055284286761,145.785,-16.2122,4.321748627,15,"Restricted"
"69","central_gbr","central_gbr_3","sw_pacific",2500,440.901447784457,440.901447784457,492.769699392193,146.1918,-16.8886,6.858620512,15,"Restricted"
"70","central_gbr","central_gbr_5","sw_pacific",13500,803.121767257786,803.121767257786,943.546687095348,146.2678,-16.7592,5.027961459,15,"Restricted"
"71","central_gbr","central_gbr_6","sw_pacific",4000,233.461993555927,233.461993555927,235.489570279428,146.0881,-17.219,6.205424803,15,"Restricted"
"72","central_gbr","central_gbr_7","sw_pacific",1500,146.301671208201,146.301671208201,150.52504853829,145.8175,-15.9682,2.628967975,15,"Closed"
"73","central_gbr","central_gbr_9","sw_pacific",3000,148.176813970676,148.176813970676,867.808750943499,146.2799,-18.1358,6.667953172,15,"Closed"
"74","christmas_island","christmas_island_1","central_iwp",6000,562.599708398588,562.599708398588,649.815988951252,105.6774,-10.4334,301.6950936,39,"Restricted"
"75","christmas_island","christmas_island_2","central_iwp",2500,298.944539130127,298.944539130127,359.759444086728,105.5969,-10.4617,10.22965783,39,"Restricted"
"76","clipperton","clipperton_1","offshore_tep",8000,285.482799212723,285.482799212723,381.585200944871,-109.2167,10.3171,0,3,"Closed"
"77","cocos","cocos_1","offshore_tep",52300,683.180046251764,769.269176831328,1527.40310564791,-87.0606,5.5382,3.38e-05,37,"Closed"
"78","coiba","coiba_1","continental_tep",13000,512.608009363986,518.479332175631,586.416088986625,-82.0353,7.9685,51.62274446,0,"Fished"
"79","coiba","coiba_10","continental_tep",10500,327.202325444337,416.00606694136,778.724112615752,-81.8095,7.2439,17.63828907,14,"Restricted"
"80","coiba","coiba_11","continental_tep",5000,320.185079469123,337.564147805431,540.874502178155,-81.6953,7.3126,22.71726327,14,"Restricted"
"81","coiba","coiba_12","continental_tep",2000,133.806564952756,133.806564952756,149.663520350902,-81.5909,7.3471,26.96722611,14,"Restricted"
"82","coiba","coiba_13","continental_tep",3000,55.2712857828452,55.2712857828452,66.7929974497854,-82.2471,7.4705,20.71879792,14,"Restricted"
"83","coiba","coiba_14","continental_tep",2000,32.8961833456164,32.8961833456164,193.049398196818,-81.8921,7.5028,23.24708309,14,"Restricted"
"84","coiba","coiba_16","continental_tep",2000,24.4967198085737,24.4967198085737,24.512771380158,-81.6774,7.4099,25.84193424,14,"Restricted"
"85","coiba","coiba_2","continental_tep",10500,463.073833474657,481.108192845562,794.415722112236,-81.7952,7.8637,44.39592055,14,"Restricted"
"86","coiba","coiba_3","continental_tep",5000,294.676158317283,317.349897821042,400.679508630152,-81.6245,7.6943,31.97957784,14,"Restricted"
"87","coiba","coiba_4","continental_tep",13000,266.740617622344,280.412104058817,467.118408978251,-81.7557,7.8126,44.19582303,14,"Restricted"
"88","coiba","coiba_5","continental_tep",2000,106.412247648727,106.412247648727,176.829465387224,-82.4402,7.8702,37.61185284,0,"Fished"
"89","coiba","coiba_6","continental_tep",3500,66.666400710652,66.666400710652,78.0852705257749,-82.2867,8.1065,72.80714911,0,"Fished"
"90","coiba","coiba_7","continental_tep",16500,291.473865051234,303.992174929282,454.92202796862,-81.7282,7.6324,32.34930406,14,"Restricted"
"91","coiba","coiba_8","continental_tep",3000,326.769063703436,326.769063703436,595.396530928087,-81.8503,7.565,26.37138404,14,"Restricted"
"92","coiba","coiba_9","continental_tep",3000,86.5371396859449,86.5371396859449,266.898793550054,-81.8381,7.419,20.4193998,14,"Restricted"
"93","cook_islands","cook_islands_1","polynesian",2000,594.756547194263,594.756547194263,601.064320034178,-159.7969,-18.8734,617.3800144,2,"Restricted"
"94","cook_islands","cook_islands_2","polynesian",1500,176.310412318883,176.310412318883,176.974817813947,-159.7807,-21.1984,889.7110954,2,"Restricted"
"95","cook_islands","cook_islands_3","polynesian",3500,511.706553418723,511.706553418723,638.21581134102,-163.1862,-18.0302,0.000854855,2,"Restricted"
"96","cook_islands_sp","cook_islands_sp_1","polynesian",12000,358.842018445937,358.842018445937,484.120963759405,-163.1124,-13.249,0.000161209,2,"Restricted"
"97","costa_rica","costa_rica_3","continental_tep",7500,379.680686965809,388.636411361172,2451.43853032171,-83.8792,8.7113,46.78737489,43,"Restricted"
"98","costa_rica","costa_rica_4","continental_tep",7500,36.2356201295656,36.2356201295656,41.184533081666,-85.4875,9.8599,256.2000447,0,"Fished"
"99","costa_rica","costa_rica_5","continental_tep",3500,12.2079519588935,12.2079519588935,14.1219150842395,-85.3989,9.8457,252.6846434,0,"Fished"
"100","costa_rica","costa_rica_6","continental_tep",4500,47.3205288740601,47.3205288740601,51.0293370497083,-85.2875,9.7744,263.1759317,0,"Fished"
"101","costa_rica","costa_rica_7","continental_tep",2000,165.912489841235,165.912489841235,193.884939785907,-83.7266,8.6576,53.14785196,0,"Fished"
"102","cuba","cuba_1","caribbean",240,99.6377369736531,99.6377369736531,429.414537538725,-78.8615,20.7621,29.65107863,9,"Restricted"
"103","curacao","curacao_1","caribbean",1280,134.781824824885,134.781824824885,142.838503899905,-68.975,12.125,2086.800403,0,"Fished"
"104","curacao","curacao_2","caribbean",880,166.557227700644,166.557227700644,169.7965270979,-69.095,12.23,116.4168043,0,"Fished"
"105","curacao","curacao_3","caribbean",1760,179.478245252433,179.478245252433,192.798610123493,-68.845,12.06,107.5464134,0,"Fished"
"106","curacao","curacao_4","caribbean",760,225.618166676853,225.618166676853,235.760445480153,-69.16,12.38,117.5835715,0,"Fished"
"107","cverde","cverde_1","eastern_atlantic",7720,275.85892949097,275.85892949097,361.864270819389,-24.7669,16.7764,10.60280489,0,"Fished"
"108","dampier_archipelago","dampier_archipelago_1","central_iwp",10000,590.284614508567,598.848265281728,771.250798112387,116.5533,-20.5712,2.409338313,7,"Closed"
"109","dampier_archipelago","dampier_archipelago_2","central_iwp",5000,639.066750097991,639.066750097991,735.702688288128,116.6369,-20.5495,2.95012248,7,"Closed"
"110","dampier_archipelago","dampier_archipelago_3","central_iwp",7000,480.711655102934,480.711655102934,593.371909508911,116.4883,-20.6155,1.297595203,7,"Closed"
"111","darwin_(nt)","darwin_(nt)_1","central_iwp",10000,212.297348635264,212.297348635264,229.899150107833,130.8031,-12.4494,404.1559623,0,"Fished"
"112","eilat","eilat_1","nw_indian",2500,249.8902629738,249.8902629738,254.477797359594,34.9448,29.4707,595.8888452,0,"Fished"
"113","elizabeth_and_middleton_reefs","elizabeth_and_middleton_reefs_1","sw_pacific",17000,324.411824944413,351.42368604647,832.237415960148,159.0867,-29.444,0.000199943,7,"Closed"
"114","elizabeth_and_middleton_reefs","elizabeth_and_middleton_reefs_2","sw_pacific",16000,334.296059953856,357.660594369074,632.153717385915,159.0675,-29.9327,0.000333726,7,"Closed"
"115","fiji","fiji_1","central_pacific",4160,44.7923300911588,44.7923300911588,48.8722021884331,178.6834,-18.0048,0.254019425,15,"Restricted"
"116","fiji","fiji_2","central_pacific",5280,77.0047216562768,77.0047216562768,84.659862951566,179.7658,-16.4158,0.013912138,14,"Restricted"
"117","fiji","fiji_3","central_pacific",5200,61.960940221086,61.960940221086,66.6963136718411,-178.8101,-18.18,0.001065712,0,"Fished"
"118","flores","flores_1","central_iwp",1500,172.836694888566,172.836694888566,220.955281018507,122.3333,-8.3333,35.68614418,0,"Fished"
"119","flores","flores_2","central_iwp",2000,136.916117469743,136.916117469743,164.149237365567,122.332,-8.4548,59.01622679,0,"Fished"
"120","flores","flores_3","central_iwp",1500,281.117436094819,281.117436094819,364.223499582084,122.4804,-8.4673,103.9960459,0,"Fished"
"121","florida_keys","florida_keys_1","caribbean",4500,1107.51746062396,1107.51746062396,1128.44724890865,-81.1068,24.6263,112.4084654,29,"Closed"
"122","florida_keys","florida_keys_2","caribbean",6000,711.860547300418,711.860547300418,723.163254215245,-81.0061,24.6906,152.4117696,29,"Closed"
"123","florida_keys","florida_keys_3","caribbean",2500,690.620645582288,690.620645582288,706.993657715276,-81.4089,24.5444,90.59050737,29,"Closed"
"124","florida_keys","florida_keys_4","caribbean",4000,684.675891447033,684.675891447033,768.998071605981,-82.8937,24.618,30.33921774,29,"Closed"
"125","french_polynesia","french_polynesia_1","polynesian",560,94.593539387708,94.593539387708,97.4694294833111,-143.45,-17.4833,0.166375248,0,"Fished"
"126","french_polynesia","french_polynesia_11","polynesian",8000,498.913726281915,542.899630463672,786.20153499377,-134.8742,-23.1293,0.701231716,0,"Fished"
"127","french_polynesia","french_polynesia_12","polynesian",2000,741.844476458436,741.844476458436,918.038313124042,-135.0374,-23.1525,5.432876153,0,"Fished"
"128","french_polynesia","french_polynesia_13","polynesian",1500,966.873924839929,1301.71313868745,3079.95730917727,-141.0023,-18.0765,1.005017426,0,"Fished"
"129","french_polynesia","french_polynesia_14","polynesian",2000,871.809567033865,950.887766270356,991.334268556034,-143.563,-16.6195,6.006074206,0,"Fished"
"130","french_polynesia","french_polynesia_15","polynesian",1500,847.010306347597,847.010306347597,1228.43743982861,-143.9618,-16.4462,0.435574981,0,"Fished"
"131","french_polynesia","french_polynesia_16","polynesian",4000,1076.4835213081,1122.29347367242,1678.92267805211,-144.6763,-16.8504,0.73085518,0,"Fished"
"132","french_polynesia","french_polynesia_19","polynesian",1500,1133.88280921954,1133.88280921954,2560.92296344771,-145.4598,-16.5128,0.225795399,0,"Fished"
"133","french_polynesia","french_polynesia_2","polynesian",1720,93.2209039996182,93.2209039996182,100.16713779149,-142.5681,-17.6183,0.37221638,0,"Fished"
"134","french_polynesia","french_polynesia_20","polynesian",3000,1372.44374517929,1372.44374517929,2098.34598317262,-145.7016,-16.0763,0.508200566,0,"Fished"
"135","french_polynesia","french_polynesia_21","polynesian",1500,1013.36205576483,1013.36205576483,1672.04360567956,-145.8939,-15.937,0.522462543,0,"Fished"
"136","french_polynesia","french_polynesia_3","polynesian",1040,32.100118600665,32.100118600665,37.6288303492377,-144.1,-16.735,8.061327092,0,"Fished"
"137","french_polynesia","french_polynesia_4","polynesian",2440,85.7992223177757,85.7992223177757,95.8644165779471,-145.1189,-15.9678,0.263461038,0,"Fished"
"138","french_polynesia","french_polynesia_5","polynesian",1960,81.5021173867372,81.5021173867372,83.4832985221485,-142.2189,-18.1353,2.482728866,0,"Fished"
"139","french_polynesia","french_polynesia_6","polynesian",1400,43.0450034237497,43.0450034237497,44.8835243277775,-142.8835,-16.7226,3.470567723,0,"Fished"
"140","french_polynesia","french_polynesia_7","polynesian",320,61.4925133241454,61.4925133241454,63.9631333881404,-144.6465,-15.7236,0.043211967,0,"Fished"
"141","french_polynesia","french_polynesia_8","polynesian",1480,29.3797982699301,29.3797982699301,48.9638752796922,-142.5667,-17.3178,0.109777044,0,"Fished"
"142","french_polynesia","french_polynesia_9","polynesian",280,79.1453373784817,79.1453373784817,92.0020984134874,-144.2836,-16.8175,0.437413005,0,"Fished"
"143","galapagos","galapagos_1","offshore_tep",6000,144.874874759912,144.874874759912,218.084808462959,-91.3322,-0.7047,0.05426732,21,"Restricted"
"144","galapagos","galapagos_10","offshore_tep",6000,258.536886169909,258.536886169909,484.539132250283,-91.8156,1.3832,0.014319231,21,"Restricted"
"145","galapagos","galapagos_11","offshore_tep",4000,381.906184166187,381.906184166187,565.727704845506,-91.998,1.6773,0.011239473,21,"Restricted"
"146","galapagos","galapagos_12","offshore_tep",3500,419.730796427776,419.730796427776,912.402097666149,-90.4493,0.2976,0.069450507,21,"Restricted"
"147","galapagos","galapagos_13","offshore_tep",6000,222.595924038281,222.595924038281,536.261026500062,-89.9589,0.3165,0.064092305,21,"Restricted"
"148","galapagos","galapagos_2","offshore_tep",6000,248.439388086507,248.439388086507,314.282471494425,-91.3585,-0.3356,0.047256402,21,"Restricted"
"149","galapagos","galapagos_3","offshore_tep",8000,194.069049024704,194.069049024704,253.659984038886,-91.4088,-0.2662,0.038743507,21,"Restricted"
"150","galapagos","galapagos_4","offshore_tep",4000,178.560714976062,178.560714976062,277.292224270415,-91.6586,-0.3132,0.033086257,21,"Restricted"
"151","galapagos","galapagos_5","offshore_tep",5500,159.563296402011,159.563296402011,364.389614428763,-91.5431,-0.0473,0.040760519,21,"Restricted"
"152","galapagos","galapagos_6","offshore_tep",6000,183.70469324361,183.70469324361,304.920943661594,-90.5679,-0.2603,0.268098073,21,"Restricted"
"153","galapagos","galapagos_7","offshore_tep",5500,552.266912029852,552.266912029852,1343.40553434828,-90.4003,-1.2359,0.251718396,21,"Restricted"
"154","galapagos","galapagos_8","offshore_tep",3000,203.191728910419,203.191728910419,609.826518954972,-90.4803,-1.25,0.196488391,21,"Restricted"
"155","galapagos","galapagos_9","offshore_tep",6500,303.940917641385,303.940917641385,672.333148865597,-89.645,-1.3541,0.548783763,21,"Restricted"
"156","grand_cayman","grand_cayman_1","caribbean",1500,353.036566966627,353.036566966627,412.346205522125,-81.387,19.3066,3981.11194,33,"Restricted"
"157","guarapari","guarapari_1","sw_atlantic",5040,55.1579366823646,55.1579366823646,85.9328649155507,-40.3932,-20.656,464.3606489,0,"Fished"
"158","guarapari","guarapari_2","sw_atlantic",1560,38.6125921905549,38.6125921905549,46.4176087878957,-40.2784,-20.3632,2830.210011,0,"Fished"
"159","hawaii","hawaii_1","hawaiian",7125,38.224689752583,38.224689752583,39.1082873927297,-154.8186,19.4912,53.33287508,0,"Fished"
"160","hawaii","hawaii_10","hawaiian",7375,73.8861945022075,73.8861945022075,73.961753919909,-157.8009,21.4473,1847.296164,0,"Fished"
"161","hawaii","hawaii_11","hawaiian",6375,88.6872726802671,88.6872726802671,91.2866559397658,-158.0658,21.648,557.5603609,36,"Restricted"
"162","hawaii","hawaii_12","hawaiian",3000,84.1628466709884,84.1628466709884,84.1748888731646,-157.8484,21.2775,8140.402653,0,"Fished"
"163","hawaii","hawaii_2","hawaiian",4625,63.9616976560893,63.9616976560893,64.7744597482869,-155.9244,19.4706,243.6859748,0,"Fished"
"164","hawaii","hawaii_3","hawaiian",6500,66.9393918985233,66.9393918985233,68.090795057864,-155.8985,20.1553,72.34674008,0,"Fished"
"165","hawaii","hawaii_4","hawaiian",7875,108.389977144706,108.389977144706,109.86863020843,-156.0159,19.6447,90.76570688,0,"Fished"
"166","hawaii","hawaii_5","hawaiian",6875,81.8610700647355,81.8610700647355,83.3542636943955,-155.8303,19.981,147.6343686,0,"Fished"
"167","hawaii","hawaii_6","hawaiian",6500,68.2525783508151,68.2525783508151,72.1197003420251,-156.9341,20.7346,18.57116427,0,"Fished"
"168","hawaii","hawaii_7","hawaiian",7250,68.8359222804708,68.8359222804708,71.9832870848071,-156.6668,20.9998,1355.044583,0,"Fished"
"169","hawaii","hawaii_8","hawaiian",5000,89.2418166835868,89.2418166835868,121.378278367208,-156.4549,20.7051,376.7141472,0,"Fished"
"170","hawaii","hawaii_9","hawaiian",6875,87.9115869602696,87.9115869602696,90.2521842611224,-157.6945,21.2702,2950.850299,52,"Restricted"
"171","hong_kong_island","hong_kong_island_1","central_iwp",7000,42.0988189297945,42.0988189297945,42.5917716416575,114.3355,22.3257,4552.199476,0,"Fished"
"172","ilha_gde","ilha_gde_1","sw_atlantic",640,50.4683609586878,50.4683609586878,80.1871098144184,-44.1453,-23.1859,541.9600601,0,"Fished"
"173","ilha_gde","ilha_gde_2","sw_atlantic",1120,56.8476160443407,56.8476160443407,61.564740470342,-44.2598,-23.0787,1055.499016,0,"Fished"
"174","ilha_gde","ilha_gde_3","sw_atlantic",640,26.0705817852855,26.0705817852855,29.0645971386316,-44.398,-23.0522,763.3099146,0,"Fished"
"175","ilha_gde","ilha_gde_4","sw_atlantic",680,34.0138156298487,34.0138156298487,37.4223697192124,-44.1595,-23.09,978.1457195,0,"Fished"
"176","ilha_gde","ilha_gde_5","sw_atlantic",960,50.0156105825412,50.0156105825412,57.0770082560585,-44.3381,-23.1658,500.2068783,0,"Fished"
"177","kai_ketjil","kai_ketjil_1","central_iwp",2000,386.676171415315,386.676171415315,389.435215166779,132.6854,-5.5776,71.17422883,0,"Fished"
"178","kai_ketjil","kai_ketjil_2","central_iwp",2000,307.562796556432,307.562796556432,311.476693828077,132.6065,-5.6531,63.42521664,0,"Fished"
"179","kimberley","kimberley_1","central_iwp",5500,186.109702361378,186.109702361378,194.604930406456,123.0555,-16.4228,0.786700061,0,"Fished"
"180","las_perlas","las_perlas_1","continental_tep",3000,2160.61102338459,2160.61102338459,2992.62680009446,-79.0538,8.6598,58.48961726,12,"Restricted"
"181","las_perlas","las_perlas_2","continental_tep",2000,1498.72647351573,1498.72647351573,1519.91601637114,-79.0118,8.5434,44.60599452,12,"Restricted"
"182","las_perlas","las_perlas_3","continental_tep",4000,349.18033030674,349.18033030674,428.324767843683,-79.0989,8.4159,80.64003922,12,"Restricted"
"183","las_perlas","las_perlas_4","continental_tep",8000,532.602785342679,532.602785342679,640.563847360517,-79.0958,8.2873,23.88908215,12,"Restricted"
"184","las_perlas","las_perlas_7","continental_tep",5000,303.982523636467,303.982523636467,356.939691109037,-78.827,8.4147,34.05311594,12,"Restricted"
"185","las_perlas","las_perlas_8","continental_tep",1500,206.116238764963,206.116238764963,215.725097328349,-78.9194,8.4836,36.02465123,12,"Restricted"
"186","lord_howe_island","lord_howe_island_1","sw_pacific",253500,191.099673784284,214.965110573088,382.43099931387,159.06,-31.5321,0.087158128,20,"Closed"
"187","lord_howe_island","lord_howe_island_2","sw_pacific",12000,493.684129623207,927.294101997937,2149.18918414498,159.2528,-31.7634,0.010341511,20,"Closed"
"188","machalilla","machalilla_1","continental_tep",2500,246.411005796348,246.411005796348,264.456143905609,-80.855,-1.6216,283.3720385,25,"Restricted"
"189","machalilla","machalilla_2","continental_tep",4000,136.191149955557,136.191149955557,215.982607371458,-81.0616,-1.2716,134.0911271,25,"Restricted"
"190","machalilla","machalilla_4","continental_tep",3000,88.8365554054809,88.8365554054809,131.252337348541,-80.8001,-1.4921,260.6405492,25,"Restricted"
"191","malpelo","malpelo_1","offshore_tep",21660,1469.47799456749,1499.33329370966,2017.57314053311,-81.6065,4.002,1.466270214,13,"Restricted"
"192","marquesas_islands","marquesas_islands_1","polynesian",1500,630.721947840888,630.721947840888,2053.22421248277,-139.0912,-9.8981,1.751703761,0,"Fished"
"193","marquesas_islands","marquesas_islands_2","polynesian",1500,641.341912690603,653.944414813447,1191.63793302029,-140.1293,-9.4013,0.356121627,0,"Fished"
"194","mexico_caribbean","mexico_caribbean_12","caribbean",520,168.266967968751,168.266967968751,183.997688286953,-84.3079,20.6403,10.28978407,0,"Fished"
"195","mexico_caribbean","mexico_caribbean_13","caribbean",720,1620.03937214128,1620.03937214128,1774.87194032906,-87.0712,20.6048,261.775681,3,"Restricted"
"196","minerva_reefs","minerva_reefs_1","central_pacific",5500,307.026604134505,307.026604134505,370.77785716457,-178.9265,-23.6318,3.06e-05,0,"Fished"
"197","minerva_reefs","minerva_reefs_2","central_pacific",3000,172.948688441707,172.948688441707,178.801470689911,-179.1259,-23.9397,8.4e-06,0,"Fished"
"198","mornington_island","mornington_island_3","central_iwp",4000,340.178742481212,340.178742481212,452.750077806146,139.6151,-16.3913,0.070040714,7,"Fished"
"199","mornington_island","mornington_island_4","central_iwp",2000,820.103075387877,820.103075387877,1010.77424587161,139.4244,-16.2872,0.070860711,7,"Fished"
"200","mornington_island","mornington_island_5","central_iwp",2000,1046.71862252537,1114.8783451383,1332.19377478819,139.2515,-16.2337,0.065993185,7,"Fished"
"201","mozambique","mozambique_1","western_indian",400,238.626252509164,238.626252509164,247.944399757282,35.5716,-23.929,95.9123637,0,"Fished"
"202","mozambique","mozambique_11","western_indian",500,428.979491811499,428.979491811499,540.86851406889,35.552,-22.2756,22.10031399,0,"Fished"
"203","mozambique","mozambique_13","western_indian",400,81.4734574838124,81.4734574838124,85.0756759957158,35.5036,-21.7671,28.65966776,48,"Restricted"
"204","mozambique","mozambique_14","western_indian",400,159.610182395992,159.610182395992,214.719552645067,35.5004,-21.62,24.13281896,48,"Restricted"
"205","mozambique","mozambique_2","western_indian",500,398.717922841067,398.717922841067,427.779592062678,35.5594,-23.7438,102.0594052,0,"Fished"
"206","mozambique","mozambique_4","western_indian",300,736.844010008264,736.844010008264,770.286082986011,35.2891,-24.4679,71.41592245,0,"Fished"
"207","mozambique","mozambique_9","western_indian",500,353.999993836593,353.999993836593,367.783731032142,35.5887,-22.7866,40.92307267,0,"Fished"
"208","neb","neb_1","sw_atlantic",6000,430.236789574904,430.236789574904,451.254835709737,-38.6798,-17.9716,23.12337527,36,"Restricted"
"209","neb","neb_2","sw_atlantic",3000,229.594634476879,229.594634476879,231.494937121624,-38.9794,-17.677,46.43862614,26,"Restricted"
"210","neb","neb_3","sw_atlantic",2000,198.971917367715,198.971917367715,199.599004083391,-39.0281,-17.4784,58.58279555,36,"Restricted"
"211","new_caledonia","new_caledonia_1","sw_pacific",2000,307.521371414275,307.521371414275,341.725542470659,166.1606,-20.3981,1.020673114,11,"Restricted"
"212","new_caledonia","new_caledonia_10","sw_pacific",1920,25.0259424841852,25.0259424841852,25.0868045718692,166.8508,-22.3178,5.973891369,0,"Fished"
"213","new_caledonia","new_caledonia_12","sw_pacific",2200,107.184527095818,107.184527095818,130.103220842642,165.8847,-21.9672,12.56664162,0,"Fished"
"214","new_caledonia","new_caledonia_2","sw_pacific",3600,311.634362039835,311.634362039835,376.719928629315,165.8284,-19.8943,0.629343304,5,"Restricted"
"215","new_caledonia","new_caledonia_4","sw_pacific",1040,63.902100784754,63.902100784754,74.221960970524,166.2517,-22.1689,129.4310751,0,"Fished"
"216","new_caledonia","new_caledonia_5","sw_pacific",5280,38.4132733198012,38.4132733198012,44.0343360338565,164,-20,2.780672141,11,"Restricted"
"217","new_caledonia","new_caledonia_6","sw_pacific",1760,31.1682724978453,31.1682724978453,33.589456478122,167.1718,-20.8296,5.978511005,0,"Fished"
"218","new_caledonia","new_caledonia_7","sw_pacific",3440,48.5806627921296,48.5806627921296,87.3195032748271,165.9494,-21.0572,2.801571902,0,"Fished"
"219","new_caledonia","new_caledonia_8","sw_pacific",3840,130.858364861467,130.858364861467,181.401610157795,166.0997,-21.5269,36.17983409,0,"Fished"
"220","new_caledonia","new_caledonia_9","sw_pacific",3840,64.0085164947482,64.0085164947482,96.6536234636865,166.6661,-21.6264,3.647123986,0,"Fished"
"221","nicaragua_tep","nicaragua_tep_1","continental_tep",7000,78.4684377385621,78.4684377385621,86.3271579034557,-85.7927,11.1204,319.1334041,0,"Fished"
"222","nicaragua_tep","nicaragua_tep_2","continental_tep",7500,67.4580590821365,67.4580590821365,83.233956106562,-85.8462,11.203,374.0720368,0,"Fished"
"223","nicaragua_tep","nicaragua_tep_3","continental_tep",4000,38.4584918455342,38.4584918455342,58.7176796825977,-85.9059,11.2774,431.0256505,0,"Fished"
"224","nicaragua_tep","nicaragua_tep_4","continental_tep",9000,118.328091041876,128.211170444294,137.47261553292,-86.0139,11.3644,311.4635742,0,"Fished"
"225","nicaragua_tep","nicaragua_tep_5","continental_tep",1500,60.7378393127656,60.7378393127656,62.6261314195051,-86.1883,11.5144,563.3702232,28,"Restricted"
"226","ningaloo_marine_park","ningaloo_marine_park_1","central_iwp",2000,220.3541816643,283.594008602466,284.315794482516,113.9391,-21.933,1.401245511,14,"Closed"
"227","ningaloo_marine_park","ningaloo_marine_park_2","central_iwp",19500,316.513631564492,327.98088557382,371.442784829038,114.1697,-21.8496,14.91311241,14,"Closed"
"228","ningaloo_marine_park","ningaloo_marine_park_3","central_iwp",33000,376.320171244273,393.09691803896,415.677537196704,113.7572,-23.1219,0.435877297,14,"Closed"
"229","ningaloo_marine_park","ningaloo_marine_park_4","central_iwp",42500,356.913778549864,366.347628607856,431.702388767973,113.7602,-23.1875,0.350636172,14,"Closed"
"230","ningaloo_marine_park","ningaloo_marine_park_5","central_iwp",8500,200.404858181298,200.404858181298,264.234037648105,113.7807,-23.3245,0.425720277,14,"Closed"
"231","ningaloo_marine_park","ningaloo_marine_park_6","central_iwp",2000,1013.20217467045,1013.20217467045,1311.53372781135,114.3452,-21.6542,0.425913702,14,"Closed"
"232","ningaloo_marine_park","ningaloo_marine_park_7","central_iwp",6500,387.385256220077,387.385256220077,399.238945509456,113.8186,-23.0464,0.507816767,14,"Closed"
"233","ningaloo_marine_park","ningaloo_marine_park_8","central_iwp",11000,356.385689931248,373.729408421435,399.813458633468,113.7719,-22.8989,0.460141554,14,"Closed"
"234","niue","niue_1","central_pacific",4000,404.678248216479,404.678248216479,406.749846529827,-169.9222,-19.0935,35.29592494,0,"Fished"
"235","norfolk_island","norfolk_island_1","sw_pacific",13500,97.6057635117649,145.121458548368,423.21062154548,167.9567,-29.0742,20.95588485,7,"Restricted"
"236","norfolk_island","norfolk_island_2","sw_pacific",6000,64.8577009429034,64.8577009429034,137.692184298138,167.9238,-29.0018,2.400597482,7,"Restricted"
"237","noronha","noronha_1","offshore_sw_atlantic",3560,220.289579355567,220.289579355567,250.630319251184,-32.4135,-3.8385,853.0534328,30,"Restricted"
"238","north_west_shelf","north_west_shelf_1","central_iwp",1500,503.828476122955,2129.62924676747,2215.48091826548,124.2757,-12.8034,1.220104324,7,"Restricted"
"239","north_west_shelf","north_west_shelf_10","central_iwp",4000,416.042610703344,416.042610703344,509.640595458104,119.6319,-17.1415,0.029268342,7,"Restricted"
"240","north_west_shelf","north_west_shelf_11","central_iwp",14500,825.94829233147,888.027333688644,985.030778775274,119.6395,-17.0688,0.028153337,7,"Restricted"
"241","north_west_shelf","north_west_shelf_12","central_iwp",3000,1135.33083207306,1255.95874237644,1449.46554784707,119.3529,-17.2478,0.033512591,8,"Closed"
"242","north_west_shelf","north_west_shelf_13","central_iwp",15000,718.553270382614,718.553270382614,745.678295802417,119.369,-17.3025,0.03318512,8,"Closed"
"243","north_west_shelf","north_west_shelf_14","central_iwp",4500,756.089397908957,811.4158054163,836.796879300537,119.1098,-19.5835,0.232631494,0,"Fished"
"244","north_west_shelf","north_west_shelf_15","central_iwp",2000,151.627085576751,151.627085576751,238.912822768874,118.5037,-20.2514,2.403824183,0,"Fished"
"245","north_west_shelf","north_west_shelf_18","central_iwp",2000,458.62607355394,458.62607355394,532.909557872388,117.8948,-20.2527,0.539410349,0,"Fished"
"246","north_west_shelf","north_west_shelf_19","central_iwp",3000,361.289197346991,361.289197346991,470.532324915653,117.0883,-20.4335,0.896256975,0,"Fished"
"247","north_west_shelf","north_west_shelf_20","central_iwp",2000,892.255845206621,892.255845206621,930.33344654874,116.9246,-20.4027,0.900206465,0,"Fished"
"248","north_west_shelf","north_west_shelf_22","central_iwp",5000,553.947147498048,553.947147498048,610.294868504327,116.5541,-20.494,1.419255987,0,"Fished"
"249","north_west_shelf","north_west_shelf_24","central_iwp",5000,657.686587904139,687.824737996275,755.56929402716,115.5621,-20.4784,0.205925125,8,"Closed"
"250","north_west_shelf","north_west_shelf_25","central_iwp",7000,539.597388700425,560.843341036653,693.972397099173,115.537,-20.3852,0.168201547,8,"Closed"
"251","north_west_shelf","north_west_shelf_26","central_iwp",2000,642.861566593776,642.861566593776,725.232603626345,115.4779,-20.4812,0.210243779,8,"Closed"
"252","north_west_shelf","north_west_shelf_27","central_iwp",4000,710.98253778395,710.98253778395,851.452973088381,115.5766,-20.5791,0.287284105,8,"Restricted"
"253","north_west_shelf","north_west_shelf_28","central_iwp",5000,1281.26950059673,1281.26950059673,1842.47201846006,115.5197,-20.7719,1.099387123,0,"Fished"
"254","north_west_shelf","north_west_shelf_29","central_iwp",3000,1026.65434941364,1026.65434941364,1225.79162036887,115.4645,-20.9485,0.46444822,8,"Restricted"
"255","north_west_shelf","north_west_shelf_3","central_iwp",11000,279.23022033115,291.083762041057,508.005561338883,123.355,-11.9749,3.418996678,0,"Fished"
"256","north_west_shelf","north_west_shelf_31","central_iwp",1500,660.835312223709,660.835312223709,740.0527824117,115.1727,-21.321,0.239803797,0,"Fished"
"257","north_west_shelf","north_west_shelf_32","central_iwp",9000,476.714921877147,476.714921877147,539.523170055001,114.3734,-21.6526,0.402500089,11,"Closed"
"258","north_west_shelf","north_west_shelf_33","central_iwp",3000,44.7884730835498,44.7884730835498,112.979201076252,114.1377,-21.9941,9.031855563,0,"Fished"
"259","north_west_shelf","north_west_shelf_4","central_iwp",9000,244.178946708982,272.147521900422,358.42548934755,122.9918,-12.2368,2.633623586,15,"Closed"
"260","north_west_shelf","north_west_shelf_6","central_iwp",7000,883.468726838716,905.621734038816,1155.65941879377,121.956,-14.1017,0.085699037,0,"Fished"
"261","north_west_shelf","north_west_shelf_7","central_iwp",6500,1120.48869641631,2381.405901879,2584.12250103924,121.7593,-14.0764,0.083356792,0,"Fished"
"262","north_west_shelf","north_west_shelf_8","central_iwp",12000,681.040907707651,710.885298612175,775.717853995995,118.9652,-17.5755,0.034434825,8,"Closed"
"263","north_west_shelf","north_west_shelf_9","central_iwp",1500,657.505616482155,657.505616482155,718.514111521694,118.9646,-17.5047,0.033225845,8,"Closed"
"264","northern_coral_sea","northern_coral_sea_1","sw_pacific",18500,439.536166574278,449.877417963327,877.59486761169,146.5762,-13.8679,0.210041059,7,"Closed"
"265","northern_coral_sea","northern_coral_sea_10","sw_pacific",4000,946.846072395759,1511.51143938675,2287.82193865618,144.4123,-10.2241,1.037367592,7,"Restricted"
"266","northern_coral_sea","northern_coral_sea_2","sw_pacific",10000,531.451631363714,547.15607969951,973.275271491241,146.6811,-13.9776,0.209354671,7,"Closed"
"267","northern_coral_sea","northern_coral_sea_3","sw_pacific",10000,600.608173163168,959.564147042381,1093.67713577012,144.4436,-10.4418,0.930257788,7,"Restricted"
"268","northern_coral_sea","northern_coral_sea_4","sw_pacific",5000,811.730637496262,964.471227824249,1128.91384954235,144.5305,-10.3577,0.994734012,7,"Restricted"
"269","northern_coral_sea","northern_coral_sea_5","sw_pacific",6000,672.171997697769,798.302352090083,2020.58629183598,144.6897,-10.0684,1.320566488,7,"Restricted"
"270","northern_coral_sea","northern_coral_sea_6","sw_pacific",13000,939.439765881302,1311.32345102658,1816.99977328373,144.5828,-10.185,1.159310673,7,"Restricted"
"271","northern_coral_sea","northern_coral_sea_7","sw_pacific",3000,624.360726366795,624.360726366795,1002.16769954009,144.4492,-10.1294,1.163168594,7,"Restricted"
"272","northern_coral_sea","northern_coral_sea_8","sw_pacific",2000,619.38966112462,681.188895879637,804.585029551396,144.4978,-10.0708,1.249734609,7,"Restricted"
"273","northern_coral_sea","northern_coral_sea_9","sw_pacific",7000,1432.00540733915,1662.32920029471,2401.64859767864,144.6895,-9.978,1.40162691,7,"Restricted"
"274","northern_gbr","northern_gbr_1","sw_pacific",20000,384.268054391321,384.268054391321,549.629099730671,145.4528,-14.6691,0.66171948,19,"Restricted"
"275","northern_gbr","northern_gbr_12","sw_pacific",2000,262.746020586037,262.746020586037,336.005197676416,143.5831,-12.6264,0.202880157,15,"Restricted"
"276","northern_gbr","northern_gbr_13","sw_pacific",3000,659.676241137032,659.676241137032,731.199697022568,143.7636,-12.3831,0.280553342,15,"Restricted"
"277","northern_gbr","northern_gbr_2","sw_pacific",2000,407.634324229558,407.634324229558,459.11801326918,143.8372,-13.9599,0.553697966,15,"Restricted"
"278","northern_gbr","northern_gbr_4","sw_pacific",4000,280.213211832506,280.213211832506,344.84299517917,143.2551,-12.0898,0.173894388,15,"Restricted"
"279","northern_gbr","northern_gbr_6","sw_pacific",4500,783.320485941908,783.320485941908,962.978054424391,144.5006,-13.9771,0.511824979,15,"Restricted"
"280","northern_gbr","northern_gbr_7","sw_pacific",2000,462.364427370149,462.364427370149,498.944767214132,144.3818,-13.9587,0.521713361,15,"Restricted"
"281","northern_gbr","northern_gbr_8","sw_pacific",5000,660.672425682528,725.505663972804,785.999451258412,143.4054,-12.2842,0.168680305,15,"Closed"
"282","northern_territory_(other)","northern_territory_(other)_1","central_iwp",4500,405.980239286533,405.980239286533,414.320792637518,136.8212,-11.6704,0.082516096,3,"Restricted"
"283","northern_territory_(other)","northern_territory_(other)_11","central_iwp",4000,1022.95066083063,1022.95066083063,1158.93507109975,136.9002,-11.6269,0.079158209,7,"Restricted"
"284","northern_territory_(other)","northern_territory_(other)_12","central_iwp",5500,300.212877817865,300.212877817865,307.947277540708,136.8476,-12.0882,1.333174463,0,"Fished"
"285","northern_territory_(other)","northern_territory_(other)_13","central_iwp",2000,1200.9214305825,1200.9214305825,1451.21665878361,136.6123,-12.0612,0.596344479,0,"Fished"
"286","northern_territory_(other)","northern_territory_(other)_14","central_iwp",3000,1090.62145134359,1090.62145134359,1115.84895644282,136.7229,-12.8838,0.164721189,0,"Fished"
"287","northern_territory_(other)","northern_territory_(other)_16","central_iwp",4000,871.60103595687,871.60103595687,889.049779935328,136.9161,-14.3299,0.077897626,0,"Fished"
"288","northern_territory_(other)","northern_territory_(other)_2","central_iwp",3000,184.197630540793,184.197630540793,205.470960250848,136.6854,-11.2275,0.054567666,0,"Fished"
"289","northern_territory_(other)","northern_territory_(other)_3","central_iwp",3500,399.305877783887,399.305877783887,420.117561547533,132.7083,-10.3252,0.206297319,7,"Restricted"
"290","northern_territory_(other)","northern_territory_(other)_5","central_iwp",4500,778.125085489498,778.125085489498,808.486516886951,133.028,-10.9083,0.24096034,0,"Fished"
"291","northern_territory_(other)","northern_territory_(other)_6","central_iwp",2000,964.666391324058,964.666391324058,1014.62908041222,133.7982,-11.2953,0.217901404,7,"Restricted"
"292","northern_territory_(other)","northern_territory_(other)_8","central_iwp",2000,335.962163018209,335.962163018209,364.916679746769,134.1355,-11.4338,0.260945837,7,"Restricted"
"293","offshore_shoals","offshore_shoals_3","central_iwp",2000,2056.70484847158,2056.70484847158,2303.42959517584,129.9128,-11.1349,0.585523105,7,"Restricted"
"294","offshore_shoals","offshore_shoals_4","central_iwp",2000,90.8275951995799,90.8275951995799,101.666371425249,130.0991,-10.9008,0.565093024,7,"Restricted"
"295","offshore_shoals","offshore_shoals_5","central_iwp",1500,363.3207901576,363.3207901576,443.207123633547,129.1722,-9.5276,1.725607131,0,"Fished"
"296","okinawa","okinawa_2","central_iwp",4000,154.609266209476,154.609266209476,158.660737382583,127.8655,26.6371,1854.451392,0,"Fished"
"297","palau","palau_1","central_iwp",25000,453.197790359568,499.100873993983,582.988802917177,131.86,2.89,0.356749738,15,"Closed"
"298","panama_pacific","panama_pacific_1","continental_tep",3000,298.058298067731,298.058298067731,373.270123572858,-79.5391,8.7717,345.2090455,0,"Fished"
"299","papua_new_guinea","papua_new_guinea_2","central_iwp",3000,782.758741685778,782.758741685778,948.198495276768,150.1298,-5.2662,15.42310965,0,"Fished"
"300","pitcairn","pitcairn_1","polynesian",6300,102.090243168992,102.090243168992,111.680453720746,-130.114,-25.059,2.95103622,3,"Closed"
"301","pitcairn","pitcairn_2","polynesian",7700,78.2609739889892,78.2609739889892,141.846104740796,-124.7917,-24.6743,0,0,"Fished"
"302","pitcairn","pitcairn_3","polynesian",9700,102.302057173072,102.302057173072,819.668165147896,-128.3376,-24.344,7.04e-05,31,"Closed"
"303","pitcairn","pitcairn_4","polynesian",6900,127.596245958888,127.596245958888,175.048740053467,-130.727,-23.943,0.00037993,3,"Restricted"
"304","pualu_kaimeer","pualu_kaimeer_1","central_iwp",2000,272.452682014483,272.452682014483,279.166100158378,132.011,-5.1553,2.374607647,0,"Fished"
"305","pulau_jamdena","pulau_jamdena_2","central_iwp",2000,491.65398815883,491.65398815883,531.336495462323,131.3674,-7.2351,3.147920307,0,"Fished"
"306","pulau_jamdena","pulau_jamdena_7","central_iwp",2000,428.58994649483,1195.19150899483,1456.54186057596,130.7614,-8.3144,3.402195807,0,"Fished"
"307","pulau_naira","pulau_naira_1","central_iwp",6000,519.583912538787,519.583912538787,571.137717444259,129.8903,-4.5154,132.9532289,0,"Fished"
"308","queensland_(other)","queensland_(other)_1","sw_pacific",2000,225.790450622068,330.177128466881,380.658229504127,152.54,-22.3794,0.762055417,15,"Restricted"
"309","queensland_(other)","queensland_(other)_11","sw_pacific",2000,315.730704873838,315.730704873838,335.280938680612,142.4741,-10.2469,1.272180709,0,"Fished"
"310","queensland_(other)","queensland_(other)_15","sw_pacific",2000,643.892357648605,643.892357648605,660.600528295946,143.5945,-9.8557,1.284305843,0,"Fished"
"311","queensland_(other)","queensland_(other)_16","sw_pacific",5000,1003.51617513587,1036.22683020476,1539.77886250191,144.1534,-9.9628,1.247758104,0,"Fished"
"312","queensland_(other)","queensland_(other)_17","sw_pacific",3000,560.004561062717,560.004561062717,908.084441812584,144.0261,-9.9467,1.226788768,0,"Fished"
"313","queensland_(other)","queensland_(other)_18","sw_pacific",9000,613.000814007923,613.000814007923,896.630708432019,143.8639,-10.063,1.04806209,0,"Fished"
"314","queensland_(other)","queensland_(other)_19","sw_pacific",3000,815.847407846636,815.847407846636,899.420225983384,143.0928,-10.5209,0.847466041,0,"Fished"
"315","queensland_(other)","queensland_(other)_3","sw_pacific",3500,50.9232761205905,50.9232761205905,58.4701308785001,141.9102,-10.6047,1.093172132,5,"Restricted"
"316","queensland_(other)","queensland_(other)_7","sw_pacific",2000,1942.65246057921,2551.16773204359,4155.65356368101,140.1492,-15.4886,0.036680504,7,"Restricted"
"317","queensland_(other)","queensland_(other)_9","sw_pacific",2000,562.260208601722,562.260208601722,846.493643354438,141.228,-10.5005,0.651674955,7,"Closed"
"318","raja_ampat","raja_ampat_1","central_iwp",4000,150.482933378099,150.482933378099,169.607891460904,130.4086,-2.0447,4.924106594,6,"Closed"
"319","raja_ampat","raja_ampat_10","central_iwp",10000,164.695187623787,164.695187623787,193.175277380043,130.6819,-2.0293,3.680789837,6,"Closed"
"320","raja_ampat","raja_ampat_11","central_iwp",13000,1161.21420646269,1360.71823872704,1687.11552890267,130.6736,-0.5579,3.985934653,10,"Restricted"
"321","raja_ampat","raja_ampat_12","central_iwp",9500,1763.69703941214,1787.59016216769,2856.42028859115,130.6958,-0.4906,6.724699201,10,"Restricted"
"322","raja_ampat","raja_ampat_13","central_iwp",4500,588.319533262051,646.534555496308,751.675408749924,130.5671,-0.5844,5.034816616,10,"Restricted"
"323","raja_ampat","raja_ampat_14","central_iwp",4500,588.08028310625,588.08028310625,691.864310460507,130.2878,-0.5751,3.346761432,10,"Restricted"
"324","raja_ampat","raja_ampat_16","central_iwp",2000,952.291308213699,952.291308213699,1609.08293365822,130.7139,-0.6996,5.211632757,10,"Restricted"
"325","raja_ampat","raja_ampat_2","central_iwp",45000,125.872362913835,125.872362913835,133.328923407541,130.4565,-2.1812,4.364569244,6,"Restricted"
"326","raja_ampat","raja_ampat_3","central_iwp",9000,81.9487348623303,81.9487348623303,85.454050252651,130.5943,-1.9995,4.84776921,10,"Restricted"
"327","raja_ampat","raja_ampat_3","central_iwp",9000,81.9487348623303,81.9487348623303,85.454050252651,130.5943,-1.9995,4.84776921,10,"Restricted"
"328","raja_ampat","raja_ampat_4","central_iwp",12000,66.2837154835647,66.2837154835647,72.1707589541947,130.4616,-1.9653,4.730776271,10,"Restricted"
"329","raja_ampat","raja_ampat_5","central_iwp",10000,69.7466779282545,69.7466779282545,74.8739864441728,130.3213,-2.1198,4.150658546,10,"Restricted"
"330","raja_ampat","raja_ampat_6","central_iwp",30000,124.915600371678,124.915600371678,141.198036155728,130.5616,-2.222,3.97345994,6,"Closed"
"331","raja_ampat","raja_ampat_7","central_iwp",24000,139.704415963317,139.704415963317,159.753572044909,130.225,-2.173,4.74093413,10,"Restricted"
"332","raja_ampat","raja_ampat_8","central_iwp",20000,115.099702027492,115.099702027492,117.119957778009,130.9127,-2.1554,6.321245119,6,"Closed"
"333","raja_ampat","raja_ampat_9","central_iwp",10000,180.395141234669,180.395141234669,198.45036952919,130.7869,-2.0056,3.609582136,10,"Restricted"
"334","rapa_nui","rapa_nui_1","easter",3500,61.0972357125819,61.0972357125819,65.6589924403482,-109.4173,-27.1,102.6973812,1,"Restricted"
"335","rapa_nui","rapa_nui_2","easter",700,62.2394447401281,62.2394447401281,62.5501326399009,-109.2828,-27.0754,7.845622948,1,"Restricted"
"336","rapa_nui","rapa_nui_3","easter",7800,56.3678625179263,56.3678625179263,63.3877784844009,-109.4407,-27.1587,2484.81206,1,"Restricted"
"337","rapa_nui","rapa_nui_4","easter",900,24.0046711055659,24.0046711055659,25.749398111146,-109.3511,-27.1608,53.25406974,1,"Restricted"
"338","red_sea","red_sea_2","nw_indian",2500,637.568116791187,637.568116791187,675.958266052077,35.8861,23.4073,20.54806121,24,"Restricted"
"339","revillagigedo","revillagigedo_1","offshore_tep",6000,163.925407834845,163.925407834845,198.302182356828,-110.9158,18.7996,0.098506011,2,"Restricted"
"340","revillagigedo","revillagigedo_2","offshore_tep",5400,76.0217467535484,76.0217467535484,122.718426764992,-110.8029,19.3336,0.082400503,2,"Restricted"
"341","revillagigedo","revillagigedo_3","offshore_tep",600,170.450594628808,170.450594628808,538.092662639904,-112.0843,18.9927,0.00298335,2,"Restricted"
"342","rio_de_janeiro","rio_de_janeiro_1","sw_atlantic",440,32.4649991130297,32.4649991130297,48.5929471141391,-43.2061,-23.0319,4257.436837,0,"Fished"
"343","rocas","rocas_1","offshore_sw_atlantic",6240,315.412571324408,315.412571324408,406.881979855287,-33.8153,-3.8609,8.759246726,40,"Closed"
"344","rongalap_atoll","rongalap_atoll_1","central_pacific",3000,510.448207869343,510.448207869343,700.60211984319,166.8767,11.162,0.076828935,17,"Closed"
"345","rongalap_atoll","rongalap_atoll_2","central_pacific",1500,475.642952308799,475.642952308799,1291.50821116091,166.7657,11.1683,0.047221911,17,"Closed"
"346","rose_atoll","rose_atoll_1","central_pacific",8000,271.130874322176,271.130874322176,278.951841239086,-168.1586,-14.5399,0.240674063,10,"Restricted"
"347","salaz_y_gomez","salaz_y_gomez_1","easter",11800,189.613369000891,189.613369000891,291.188240473508,-105.362,-26.4706,0.002425095,9,"Closed"
"348","salvador_bts","salvador_bts_1","sw_atlantic",4480,55.4486612115705,55.4486612115705,58.369390183508,-38.5286,-12.8698,2835.524685,0,"Fished"
"349","salvador_bts","salvador_bts_2","sw_atlantic",2440,40.0417902221286,40.0417902221286,43.956356163179,-38.6264,-12.8092,913.8113451,0,"Fished"
"350","samoa","samoa_1","central_pacific",19500,42.7836304139748,42.7836304139748,46.5381618254433,-170.8014,-14.2853,10.47139258,0,"Fished"
"351","samoa","samoa_2","central_pacific",750,52.9218055886878,52.9218055886878,67.9308224087974,-170.5517,-14.2836,9.619699536,0,"Fished"
"352","samoa","samoa_3","central_pacific",16700,225.089154771369,225.089154771369,239.747295331262,-169.6752,-14.1675,1.221461016,0,"Fished"
"353","samoa","samoa_4","central_pacific",3750,54.2943708947614,54.2943708947614,59.1700067237437,-169.4833,-14.2167,4.900748768,0,"Fished"
"354","samoa","samoa_6","central_pacific",1500,48.4541746543965,48.4541746543965,75.9478147399985,-171.0856,-11.0514,0.185993304,0,"Fished"
"355","samoa","samoa_7","central_pacific",8250,75.3597158860932,75.3597158860932,89.038816099578,-171.7858,-13.8093,980.1064202,0,"Fished"
"356","samoa","samoa_8","central_pacific",2000,75.4427821656595,75.4427821656595,75.4479820681303,-170.67,-14.2836,1211.681489,0,"Fished"
"357","san_blas","san_blas_1","caribbean",6500,235.212123685788,235.212123685788,256.32757941095,-78.915,9.5717,83.39860752,0,"Fished"
"358","santa_catarina","santa_catarina_1","sw_atlantic",12560,88.8382290612771,88.8382290612771,124.274135540824,-48.3575,-27.281,269.533681,19,"Restricted"
"359","santa_catarina","santa_catarina_2","sw_atlantic",2840,16.9489384567741,16.9489384567741,72.9002729181436,-48.4679,-27.6942,1134.770139,0,"Fished"
"360","santa_catarina","santa_catarina_3","sw_atlantic",2560,107.486189490072,107.486189490072,119.905196765031,-48.3991,-27.1746,326.1445974,19,"Restricted"
"361","santa_catarina","santa_catarina_4","sw_atlantic",1600,31.6925444762073,31.6925444762073,46.8949577235503,-48.432,-27.8455,253.218654,19,"Restricted"
"362","santa_catarina","santa_catarina_5","sw_atlantic",1840,57.2340811158763,57.2340811158763,108.822839635517,-48.5196,-27.1194,315.0316408,0,"Fished"
"363","seaflower_marine_reserve","seaflower_marine_reserve_1","caribbean",10500,258.362729295203,258.362729295203,281.697104308944,-81.367,13.4083,7.147167721,14,"Closed"
"364","seaflower_marine_reserve","seaflower_marine_reserve_2","caribbean",4500,586.981502031231,586.981502031231,786.134713941422,-81.4109,13.3608,11.26624407,14,"Closed"
"365","seaflower_marine_reserve","seaflower_marine_reserve_3","caribbean",8500,371.693435809632,371.693435809632,398.616884910187,-81.7014,12.5719,12719.2482,14,"Closed"
"366","seychelles","seychelles_1","western_indian",4500,183.936766772301,183.936766772301,207.474300196877,55.4187,-4.5985,792.0813674,0,"Fished"
"367","seychelles","seychelles_2","western_indian",2000,356.442546424181,356.442546424181,615.677813116472,55.3775,-4.6528,193.9620366,0,"Fished"
"368","seychelles","seychelles_3","western_indian",2400,247.2018350686,247.2018350686,349.82252181893,46.5329,-9.7336,1.330337611,1,"Closed"
"369","seychelles","seychelles_4","western_indian",4800,317.27413262042,317.27413262042,578.361520590166,47.5678,-9.6589,0.654644762,1,"Closed"
"370","seychelles","seychelles_5","western_indian",2800,346.021426212377,346.021426212377,450.202122928406,47.7694,-10.0797,1.394087107,1,"Closed"
"371","seychelles","seychelles_6","western_indian",5200,451.539128910648,451.539128910648,559.575201406532,46.2062,-9.4347,0.779554667,1,"Closed"
"372","society_islands","society_islands_1","polynesian",1500,574.696511817385,574.696511817385,2401.96527131587,-145.8957,-15.9377,0.748946292,0,"Fished"
"373","society_islands","society_islands_2","polynesian",1500,434.60573555296,434.60573555296,589.934765598249,-145.6981,-16.0754,0.678771699,0,"Fished"
"374","society_islands","society_islands_4","polynesian",4000,365.619896969192,365.619896969192,1195.75303308184,-149.8628,-17.4845,472.559687,0,"Fished"
"375","society_islands","society_islands_6","polynesian",1500,339.362856811787,339.362856811787,389.961249613919,-151.0184,-16.7152,5.642162935,0,"Fished"
"376","society_islands","society_islands_7","polynesian",2000,514.246935619978,514.246935619978,632.808912096988,-151.4233,-16.744,133.8347209,0,"Fished"
"377","solomon","solomon_1","central_iwp",2500,90.6066467813456,90.6066467813456,145.793767065505,160.1488,-9.0667,5.436542038,0,"Fished"
"378","solomon","solomon_10","central_iwp",2500,50.4598900581801,50.4598900581801,55.0676589656748,158.226,-7.4068,4.580460162,12,"Fished"
"379","solomon","solomon_11","central_iwp",2500,344.803111936523,344.803111936523,350.833773232032,158.0932,-7.3743,1.39290354,0,"Fished"
"380","solomon","solomon_12","central_iwp",2500,334.787736985721,334.787736985721,365.612750116368,158.0456,-7.4678,12.81812821,24,"Closed"
"381","solomon","solomon_13","central_iwp",1250,110.859601112921,110.859601112921,119.454284416083,157.7898,-7.5405,1.919596686,0,"Fished"
"382","solomon","solomon_14","central_iwp",1250,80.6093442980894,80.6093442980894,87.6763566259774,157.5383,-7.4258,5.969233289,0,"Fished"
"383","solomon","solomon_15","central_iwp",1250,223.001397070728,223.001397070728,236.931727383276,157.4174,-7.4144,1.002338702,21,"Closed"
"384","solomon","solomon_16","central_iwp",1250,341.81640601743,341.81640601743,347.240776785771,157.2786,-7.3565,9.851328313,0,"Fished"
"385","solomon","solomon_17","central_iwp",2500,214.771615026721,214.771615026721,231.952424526364,156.3959,-6.6937,20.50000068,0,"Fished"
"386","solomon","solomon_18","central_iwp",2500,100.681213048709,100.681213048709,102.5609808016,156.5717,-6.6269,3.813107818,0,"Fished"
"387","solomon","solomon_19","central_iwp",2500,494.998093129759,964.617651836266,988.801784828567,156.0865,-6.9653,7.66419107,21,"Restricted"
"388","solomon","solomon_2","central_iwp",1250,105.065327128751,105.065327128751,107.522507564638,160.0338,-8.843,10.51234142,0,"Fished"
"389","solomon","solomon_20","central_iwp",1250,74.652599884383,74.652599884383,106.860033691944,156.5142,-7.7385,2.43652786,0,"Fished"
"390","solomon","solomon_21","central_iwp",2250,529.252750243234,529.252750243234,630.944478694041,156.7709,-8.0173,4.114091201,21,"Closed"
"391","solomon","solomon_22","central_iwp",1250,225.738858686279,225.738858686279,242.542319588338,157.2228,-8.3149,22.06048862,8,"Restricted"
"392","solomon","solomon_23","central_iwp",1250,102.481507225034,102.481507225034,103.985620094479,157.3325,-8.395,20.28991569,0,"Fished"
"393","solomon","solomon_24","central_iwp",1250,223.648472391976,223.648472391976,239.854711063866,157.8035,-8.6452,3.240127096,0,"Fished"
"394","solomon","solomon_25","central_iwp",1250,145.701204149973,145.701204149973,250.054645954103,157.9521,-8.426,35.56657712,0,"Fished"
"395","solomon","solomon_26","central_iwp",1250,168.231349947395,168.231349947395,415.859417777566,158.025,-8.5375,6.589688265,0,"Fished"
"396","solomon","solomon_27","central_iwp",2500,354.260564200073,354.260564200073,379.902019034434,158.2092,-8.683,22.61747543,0,"Fished"
"397","solomon","solomon_28","central_iwp",2500,200.878898206384,200.878898206384,212.907753824179,159.1105,-8.982,5.327368378,0,"Fished"
"398","solomon","solomon_29","central_iwp",2500,80.5706680805239,80.5706680805239,84.7523330293505,159.1466,-9.1271,19.45801129,0,"Fished"
"399","solomon","solomon_3","central_iwp",1250,59.0050427037319,59.0050427037319,59.1249834374094,159.6348,-8.1455,3.753540451,0,"Fished"
"400","solomon","solomon_30","central_iwp",2500,193.475416541687,370.403790293179,374.238667123082,160.8836,-9.8262,10.4780996,0,"Fished"
"401","solomon","solomon_31","central_iwp",1250,146.145651591782,146.145651591782,150.394607104459,161.3583,-10.3518,8.85182226,0,"Fished"
"402","solomon","solomon_32","central_iwp",1250,34.8162603172507,34.8162603172507,216.879670600874,161.5101,-10.475,2.718010705,0,"Fished"
"403","solomon","solomon_33","central_iwp",2500,66.9081867188982,66.9081867188982,83.403265716029,162.2745,-10.799,62.38257918,0,"Fished"
"404","solomon","solomon_34","central_iwp",2500,126.945937619855,126.945937619855,157.692341732664,161.9626,-10.2595,4.13937991,0,"Fished"
"405","solomon","solomon_35","central_iwp",1250,63.3604981413933,63.3604981413933,63.9871537316402,161.6769,-10.1866,7.290543359,0,"Fished"
"406","solomon","solomon_36","central_iwp",1250,79.1243909464597,79.1243909464597,79.1243909464597,161.7196,-10.2898,6.705296479,0,"Fished"
"407","solomon","solomon_37","central_iwp",2500,99.9945581516882,99.9945581516882,103.450615695419,161.2209,-9.4466,5.760687038,0,"Fished"
"408","solomon","solomon_38","central_iwp",1250,79.0358960727601,79.0358960727601,82.127112237281,161.575,-9.6205,3.076457417,0,"Fished"
"409","solomon","solomon_39","central_iwp",2500,116.285868338109,116.285868338109,125.117861033978,161.0117,-8.7613,72.61468967,0,"Fished"
"410","solomon","solomon_4","central_iwp",1250,171.53649240279,171.53649240279,174.851600788887,159.7833,-8.4167,10.82241635,0,"Fished"
"411","solomon","solomon_40","central_iwp",2500,57.19735382465,57.19735382465,59.5195014685416,160.6612,-8.3477,26.5030484,0,"Fished"
"412","solomon","solomon_41","central_iwp",2000,47.1049769366404,47.1049769366404,49.9746280741046,160.636,-8.8271,12.24440375,0,"Fished"
"413","solomon","solomon_42","central_iwp",1250,49.0612562869822,49.0612562869822,54.555093376529,160.3372,-9.2885,14.62806253,0,"Fished"
"414","solomon","solomon_43","central_iwp",1250,59.71500927297,59.71500927297,59.71500927297,159.7854,-9.1179,68.68405511,0,"Fished"
"415","solomon","solomon_44","central_iwp",1250,16.5062774662356,16.5062774662356,123.545457438008,159.6766,-9.2515,95.68030603,0,"Fished"
"416","solomon","solomon_45","central_iwp",1250,5.97183198159063,5.97183198159063,12.101028010412,155.8961,-7.0712,2.378194655,0,"Fished"
"417","solomon","solomon_46","central_iwp",2500,237.068320355479,347.724090926434,380.939752821667,155.5456,-7.4096,1.079581739,0,"Fished"
"418","solomon","solomon_47","central_iwp",1500,1049.90595320733,1049.90595320733,1132.65846457006,156.9153,-8.1159,5.298710999,21,"Closed"
"419","solomon","solomon_5","central_iwp",1250,274.573427783791,274.573427783791,286.405309009013,159.441,-8.3517,2.497625831,0,"Fished"
"420","solomon","solomon_6","central_iwp",1250,39.4054210526809,39.4054210526809,39.8858640762851,159.2306,-8.2051,5.888259532,0,"Fished"
"421","solomon","solomon_7","central_iwp",1250,261.546708150487,261.546708150487,272.929561336818,158.9126,-8.0062,19.26737234,0,"Fished"
"422","solomon","solomon_8","central_iwp",1250,64.8081243470279,64.8081243470279,64.8267190160078,158.722,-7.8465,1.644818785,0,"Fished"
"423","solomon","solomon_9","central_iwp",3750,251.456897434014,251.456897434014,256.81760981314,158.3797,-7.5394,6.736022384,12,"Restricted"
"424","southern_coral_sea","southern_coral_sea_2","sw_pacific",9000,206.945610027861,206.945610027861,212.225217431475,155.5534,-23.2465,0.32951139,7,"Closed"
"425","southern_coral_sea","southern_coral_sea_3","sw_pacific",6500,158.865208070018,158.865208070018,197.786902305444,155.4647,-22.1699,0.120199672,7,"Closed"
"426","southern_coral_sea","southern_coral_sea_4","sw_pacific",6000,411.809937545886,411.809937545886,808.924659774886,155.339,-22.1904,0.132255008,7,"Closed"
"427","southern_coral_sea","southern_coral_sea_5","sw_pacific",4000,30.3335476078525,30.3335476078525,50.4282407512401,155.1722,-22.1816,0.141334445,7,"Closed"
"428","southern_coral_sea","southern_coral_sea_6","sw_pacific",6000,239.863826441388,385.285076441388,423.941859684444,153.5603,-21.8959,0.294881999,7,"Closed"
"429","southern_coral_sea","southern_coral_sea_7","sw_pacific",10000,111.790072642377,111.790072642377,126.672484938671,155.763,-21.2321,9.3e-05,7,"Closed"
"430","southern_coral_sea","southern_coral_sea_8","sw_pacific",13000,183.057877393087,183.057877393087,223.643917975613,154.3797,-20.9915,0.087271449,7,"Closed"
"431","southwestern_caribbean","southwestern_caribbean_2","caribbean",1500,454.786028107326,539.070529806531,569.381773049867,-80.2402,14.3594,0.472886429,14,"Restricted"
"432","southwestern_caribbean","southwestern_caribbean_3","caribbean",1500,380.190776743327,380.190776743327,441.950064621669,-80.2298,14.4444,0.478113344,14,"Restricted"
"433","stome","stome_1","eastern_atlantic",800,117.634837325904,117.634837325904,289.024382604318,6.7155,0.4075,280.901741,0,"Fished"
"434","stome","stome_2","eastern_atlantic",1440,68.163596398832,68.163596398832,103.145800519831,6.4983,0.3171,312.6254476,0,"Fished"
"435","stome","stome_3","eastern_atlantic",840,55.6750712648858,55.6750712648858,71.7014773816179,6.5247,7e-04,50.98759892,0,"Fished"
"436","stome","stome_4","eastern_atlantic",760,140.634114822138,140.634114822138,204.204508248952,6.7426,0.2542,3685.539462,0,"Fished"
"437","stome","stome_5","eastern_atlantic",960,168.451840444885,168.451840444885,271.956714011102,6.6333,0.0333,53.99114968,0,"Fished"
"438","stpauls_rocks","stpauls_rocks_1","offshore_sw_atlantic",5000,533.625603147046,533.625603147046,566.049105570854,-29.3446,0.9181,0,1,"Closed"
"439","tanzania","tanzania_1","western_indian",4000,82.0501015770387,82.0501015770387,109.399800243074,40.1703,-10.2357,323.1467077,0,"Fished"
"440","tonga","tonga_1","central_pacific",5160,88.7997885948376,88.7997885948376,90.2891523530629,-174.3952,-19.8283,8.871400927,0,"Fished"
"441","tonga","tonga_10","central_pacific",9520,57.4873730298528,57.4873730298528,71.6370677890373,-175.0036,-21.1126,0.031036787,0,"Fished"
"442","tonga","tonga_11","central_pacific",4160,50.3998121297122,50.3998121297122,53.584571269758,-173.94,-18.7197,13.96639455,0,"Fished"
"443","tonga","tonga_2","central_pacific",1500,215.091606415619,215.091606415619,218.529508205413,-174.7209,-19.9368,0.723435024,0,"Fished"
"444","tonga","tonga_3","central_pacific",1500,430.184223268763,430.184223268763,494.499392064117,-174.704,-20.0798,0.912890815,0,"Fished"
"445","tonga","tonga_4","central_pacific",4000,325.860681492979,325.860681492979,346.013850872194,-174.115,-18.7054,9.637179249,0,"Fished"
"446","tonga","tonga_5","central_pacific",4500,271.296276027701,271.296276027701,275.744251515323,-173.772,-15.9306,1.989224663,0,"Fished"
"447","tonga","tonga_7","central_pacific",2500,205.394137198905,205.394137198905,239.529752976008,-174.4924,-19.9616,7.603968166,0,"Fished"
"448","tonga","tonga_8","central_pacific",2500,226.448780347467,226.448780347467,296.836827184232,-174.7436,-20.5031,43.37380658,0,"Fished"
"449","trindade","trindade_1","offshore_sw_atlantic",11440,648.92729082769,648.92729082769,716.76149164276,-29.3227,-20.5076,0,1,"Closed"
"450","trindade","trindade_2","offshore_sw_atlantic",680,1330.12691011292,1475.59325839003,1503.47815671038,-28.8568,-20.4741,0,1,"Closed"
"451","turks_and_caicos_islands","turks_and_caicos_islands_1","caribbean",2000,63.901003394994,63.901003394994,67.7424166088688,-72.1848,21.8158,80.25553865,0,"Fished"
"452","whitsundays","whitsundays_2","sw_pacific",4000,423.043040666735,423.043040666735,562.500567027259,149.1345,-19.8131,2.346484256,15,"Closed"
