"","From","To","Prob"
"189","V189","V190",331
"190","V190","V190",350
"191","V191","V190",294
"193","V193","V190",47
"204","V204","V190",236
"205","V205","V190",299
"206","V206","V190",321
"207","V207","V190",234
"208","V208","V190",387
"209","V209","V190",301
"211","V211","V190",49
"212","V212","V190",56
"213","V213","V190",97
"215","V215","V190",114
"216","V216","V190",39
"217","V217","V190",55
"218","V218","V190",46
"220","V220","V190",46
"221","V221","V190",50
"222","V222","V190",193
"223","V223","V190",156
"224","V224","V190",145
"225","V225","V190",133
"226","V226","V190",256
"227","V227","V190",232
"228","V228","V190",259
"229","V229","V190",40
"230","V230","V190",112
"232","V232","V190",97
"233","V233","V190",179
"234","V234","V190",185
"235","V235","V190",54
"236","V236","V190",196
"14811","V7","V193",26
"14821","V17","V193",42
"14978","V174","V193",40
"29795","V187","V194",35
"29796","V188","V194",36
"29801","V193","V194",41
"29802","V194","V194",30
"60384","V1168","V1170",53
"60385","V1169","V1170",46
"60386","V1170","V1170",84
"75139","V1119","V1173",29
"75174","V1154","V1173",31
"75186","V1166","V1173",44
"75198","V1178","V1173",74
"89991","V1167","V1174",38
"90002","V1178","V1174",29
"90063","V1239","V1174",90
"104791","V1163","V1175",45
"104801","V1173","V1175",47
"104803","V1175","V1175",117
"104806","V1178","V1175",26
"104830","V1202","V1175",78
"104832","V1204","V1175",28
"104833","V1205","V1175",35
"119596","V1164","V1176",67
"119597","V1165","V1176",99
"119601","V1169","V1176",37
"119606","V1174","V1176",49
"134354","V1118","V1177",21
"134400","V1164","V1177",40
"134405","V1169","V1177",47
"134413","V1177","V1177",40
"134414","V1178","V1177",77
"134469","V1233","V1177",45
"134473","V1237","V1177",40
"149214","V1174","V1182",39
"149219","V1179","V1182",50
"149225","V1185","V1182",42
"149229","V1189","V1182",17
"149234","V1194","V1182",35
"149235","V1195","V1182",22
"149248","V1208","V1182",38
"149256","V1216","V1182",23
"149258","V1218","V1182",27
"149259","V1219","V1182",31
"149261","V1221","V1182",42
"149274","V1234","V1182",19
"149278","V1238","V1182",57
"149279","V1239","V1182",35
"149282","V1242","V1182",23
"149286","V1246","V1182",48
"164135","V1291","V1271",27
"164147","V1303","V1271",30
"164167","V1323","V1271",60
"164213","V1369","V1271",35
"164299","V1455","V1271",37
"164304","V1460","V1271",37
"164311","V1467","V1271",42
"164384","V1540","V1271",27
"164388","V1544","V1271",31
"164436","V1592","V1271",34
"164440","V1596","V1271",39
"164442","V1598","V1271",34
"164445","V1601","V1271",31
"164448","V1604","V1271",25
"164526","V1682","V1271",47
"164529","V1685","V1271",18
"164530","V1686","V1271",48
"164532","V1688","V1271",43
"164533","V1689","V1271",45
"164534","V1690","V1271",49
"164535","V1691","V1271",47
"164536","V1692","V1271",41
"164537","V1693","V1271",62
"164813","V1969","V1271",23
"176137","V13293","V1271",17
"178976","V1328","V1272",29
"179062","V1414","V1272",40
"179072","V1424","V1272",41
"179086","V1438","V1272",25
"179090","V1442","V1272",36
"179114","V1466","V1272",22
"179115","V1467","V1272",53
"179131","V1483","V1272",27
"179170","V1522","V1272",22
"179177","V1529","V1272",27
"179187","V1539","V1272",18
"179217","V1569","V1272",37
"179218","V1570","V1272",25
"179225","V1577","V1272",30
"179234","V1586","V1272",24
"179326","V1678","V1272",40
"179331","V1683","V1272",46
"190857","V13209","V1272",36
"193761","V1309","V1273",19
"193769","V1317","V1273",35
"193784","V1332","V1273",37
"193827","V1375","V1273",37
"193886","V1434","V1273",34
"193903","V1451","V1273",47
"193921","V1469","V1273",86
"193977","V1525","V1273",37
"194001","V1549","V1273",25
"194132","V1680","V1273",49
"194133","V1681","V1273",58
"194136","V1684","V1273",103
"205659","V13207","V1273",20
"208541","V1285","V1274",31
"208549","V1293","V1274",38
"208561","V1305","V1274",28
"208563","V1307","V1274",30
"208567","V1311","V1274",35
"208706","V1450","V1274",47
"208708","V1452","V1274",42
"208741","V1485","V1274",46
"208771","V1515","V1274",32
"208858","V1602","V1274",31
"208937","V1681","V1274",24
"208938","V1682","V1274",31
"209227","V1971","V1274",50
"223666","V1606","V1623",42
"223671","V1611","V1623",41
"223694","V1634","V1623",33
"223696","V1636","V1623",36
"223711","V1651","V1623",47
"223723","V1663","V1623",36
"223724","V1664","V1623",53
"223729","V1669","V1623",46
"223731","V1671","V1623",31
"223779","V1719","V1623",89
"223780","V1720","V1623",50
"223876","V1816","V1623",34
"223891","V1831","V1623",41
"223893","V1833","V1623",37
"223927","V1867","V1623",37
"223959","V1899","V1623",31
"223975","V1915","V1623",53
"224004","V1944","V1623",35
"224012","V1952","V1623",22
"232840","V10780","V1623",25
"238478","V1614","V1651",34
"238506","V1642","V1651",46
"238519","V1655","V1651",31
"238540","V1676","V1651",23
"238570","V1706","V1651",48
"238725","V1861","V1651",40
"238739","V1875","V1651",33
"238788","V1924","V1651",56
"238795","V1931","V1651",34
"253292","V1624","V1653",25
"253320","V1652","V1653",33
"253326","V1658","V1653",31
"253333","V1665","V1653",34
"253371","V1703","V1653",29
"253387","V1719","V1653",48
"253388","V1720","V1653",52
"253389","V1721","V1653",77
"253390","V1722","V1653",40
"253409","V1741","V1653",36
"253489","V1821","V1653",24
"253527","V1859","V1653",35
"253549","V1881","V1653",33
"253556","V1888","V1653",41
"253571","V1903","V1653",39
"253574","V1906","V1653",42
"253580","V1912","V1653",40
"253594","V1926","V1653",106
"253605","V1937","V1653",52
"253621","V1953","V1653",45
"268132","V1660","V1663",51
"282941","V1665","V1670",38
"282947","V1671","V1670",32
"282970","V1694","V1670",57
"283397","V2121","V1670",23
"297687","V1607","V1675",37
"297690","V1610","V1675",76
"297753","V1673","V1675",82
"297754","V1674","V1675",43
"297758","V1678","V1675",33
"297769","V1689","V1675",45
"327092","V1404","V1735",39
"327223","V1535","V1735",25
"327368","V1680","V1735",50
"327374","V1686","V1735",43
"327379","V1691","V1735",42
"327423","V1735","V1735",26
"327425","V1737","V1735",32
"327624","V1936","V1735",30
"327627","V1939","V1735",25
"327963","V2275","V1735",23
"328240","V2552","V1735",21
"342104","V1612","V1747",49
"342235","V1743","V1747",54
"342236","V1744","V1747",32
"342324","V1832","V1747",34
"342355","V1863","V1747",54
"342357","V1865","V1747",28
"342458","V1966","V1747",48
"342479","V1987","V1747",52
"356995","V1699","V1782",34
"357072","V1776","V1782",55
"366014","V10718","V1782",25
"366026","V10730","V1782",34
"371716","V1616","V1822",38
"371743","V1643","V1822",50
"371745","V1645","V1822",130
"371747","V1647","V1822",38
"371748","V1648","V1822",66
"371750","V1650","V1822",30
"371765","V1665","V1822",53
"371770","V1670","V1822",35
"371797","V1697","V1822",47
"371814","V1714","V1822",30
"371818","V1718","V1822",30
"371843","V1743","V1822",32
"371852","V1752","V1822",29
"371853","V1753","V1822",25
"371923","V1823","V1822",44
"371932","V1832","V1822",31
"371948","V1848","V1822",49
"371955","V1855","V1822",20
"371974","V1874","V1822",44
"371979","V1879","V1822",38
"371986","V1886","V1822",27
"371989","V1889","V1822",48
"371999","V1899","V1822",26
"372007","V1907","V1822",30
"372012","V1912","V1822",23
"372021","V1921","V1822",35
"372164","V2064","V1822",33
"372169","V2069","V1822",19
"372262","V2162","V1822",34
"372268","V2168","V1822",42
"372282","V2182","V1822",34
"372290","V2190","V1822",42
"372296","V2196","V1822",31
"372302","V2202","V1822",31
"372312","V2212","V1822",42
"372446","V2346","V1822",27
"372526","V2426","V1822",42
"372536","V2436","V1822",40
"372616","V2516","V1822",36
"386529","V1625","V1823",49
"386549","V1645","V1823",48
"386550","V1646","V1823",38
"386577","V1673","V1823",19
"386610","V1706","V1823",53
"386725","V1821","V1823",38
"386727","V1823","V1823",25
"386755","V1851","V1823",54
"386758","V1854","V1823",49
"386774","V1870","V1823",50
"386775","V1871","V1823",39
"386798","V1894","V1823",35
"386805","V1901","V1823",47
"386810","V1906","V1823",32
"386820","V1916","V1823",36
"386825","V1921","V1823",58
"386946","V2042","V1823",38
"386963","V2059","V1823",51
"387082","V2178","V1823",40
"387104","V2200","V1823",39
"387132","V2228","V1823",32
"387160","V2256","V1823",35
"387222","V2318","V1823",46
"387403","V2499","V1823",28
"387421","V2517","V1823",37
"387450","V2546","V1823",40
"387451","V2547","V1823",27
"387514","V2610","V1823",36
"387516","V2612","V1823",34
"387547","V2643","V1823",37
"401326","V1618","V1864",56
"401383","V1675","V1864",30
"401415","V1707","V1864",45
"401441","V1733","V1864",16
"401444","V1736","V1864",21
"401445","V1737","V1864",28
"401451","V1743","V1864",49
"401524","V1816","V1864",30
"401525","V1817","V1864",56
"401547","V1839","V1864",32
"401558","V1850","V1864",49
"401559","V1851","V1864",40
"401565","V1857","V1864",21
"401579","V1871","V1864",49
"401592","V1884","V1864",43
"410499","V10791","V1864",24
"416130","V1618","V1875",35
"416218","V1706","V1875",45
"416219","V1707","V1875",53
"416339","V1827","V1875",42
"416346","V1834","V1875",49
"416351","V1839","V1875",45
"416370","V1858","V1875",39
"416373","V1861","V1875",49
"416378","V1866","V1875",39
"416385","V1873","V1875",31
"416387","V1875","V1875",38
"416391","V1879","V1875",38
"416394","V1882","V1875",35
"416396","V1884","V1875",40
"416404","V1892","V1875",39
"416413","V1901","V1875",49
"416515","V2003","V1875",49
"430935","V1619","V1880",41
"430937","V1621","V1880",35
"430945","V1629","V1880",31
"430957","V1641","V1880",51
"430971","V1655","V1880",55
"430987","V1671","V1880",47
"430988","V1672","V1880",44
"431012","V1696","V1880",47
"431074","V1758","V1880",45
"431165","V1849","V1880",45
"431174","V1858","V1880",44
"431182","V1866","V1880",52
"431188","V1872","V1880",44
"431196","V1880","V1880",55
"431205","V1889","V1880",48
"431208","V1892","V1880",48
"431215","V1899","V1880",47
"431217","V1901","V1880",54
"431243","V1927","V1880",16
"445736","V1616","V1901",103
"445748","V1628","V1901",49
"445761","V1641","V1901",54
"445826","V1706","V1901",92
"445841","V1721","V1901",46
"445863","V1743","V1901",45
"445864","V1744","V1901",52
"445872","V1752","V1901",36
"445955","V1835","V1901",48
"445988","V1868","V1901",44
"445995","V1875","V1901",50
"446012","V1892","V1901",54
"446014","V1894","V1901",44
"446017","V1897","V1901",48
"446027","V1907","V1901",18
"460535","V1611","V1917",49
"460537","V1613","V1917",43
"460540","V1616","V1917",25
"460541","V1617","V1917",67
"460542","V1618","V1917",136
"460544","V1620","V1917",122
"460545","V1621","V1917",106
"460546","V1622","V1917",45
"460548","V1624","V1917",158
"460549","V1625","V1917",22
"460553","V1629","V1917",52
"460554","V1630","V1917",207
"460555","V1631","V1917",90
"460556","V1632","V1917",47
"460557","V1633","V1917",96
"460558","V1634","V1917",193
"460559","V1635","V1917",169
"460560","V1636","V1917",374
"460561","V1637","V1917",347
"460575","V1651","V1917",31
"460577","V1653","V1917",35
"460645","V1721","V1917",39
"460657","V1733","V1917",55
"460679","V1755","V1917",152
"460740","V1816","V1917",167
"460741","V1817","V1917",167
"460753","V1829","V1917",24
"460765","V1841","V1917",38
"460769","V1845","V1917",20
"460774","V1850","V1917",43
"460778","V1854","V1917",20
"460779","V1855","V1917",56
"460781","V1857","V1917",85
"460788","V1864","V1917",88
"460791","V1867","V1917",78
"460792","V1868","V1917",180
"460795","V1871","V1917",67
"460806","V1882","V1917",120
"460810","V1886","V1917",35
"460819","V1895","V1917",260
"460820","V1896","V1917",308
"460822","V1898","V1917",273
"460824","V1900","V1917",54
"460827","V1903","V1917",200
"460829","V1905","V1917",274
"460830","V1906","V1917",163
"460833","V1909","V1917",221
"460834","V1910","V1917",342
"460835","V1911","V1917",243
"460836","V1912","V1917",308
"460841","V1917","V1917",208
"460842","V1918","V1917",105
"460848","V1924","V1917",42
"460850","V1926","V1917",54
"460855","V1931","V1917",50
"460920","V1996","V1917",44
"460921","V1997","V1917",49
"460922","V1998","V1917",54
"460924","V2000","V1917",37
"460925","V2001","V1917",89
"460926","V2002","V1917",39
"475342","V1614","V1919",34
"475353","V1625","V1919",68
"475354","V1626","V1919",31
"475355","V1627","V1919",95
"475365","V1637","V1919",28
"475371","V1643","V1919",46
"475436","V1708","V1919",47
"475437","V1709","V1919",45
"475438","V1710","V1919",59
"475442","V1714","V1919",47
"475481","V1753","V1919",50
"475486","V1758","V1919",24
"475564","V1836","V1919",42
"475580","V1852","V1919",40
"475581","V1853","V1919",37
"475582","V1854","V1919",45
"475583","V1855","V1919",41
"475587","V1859","V1919",85
"475591","V1863","V1919",34
"475594","V1866","V1919",39
"475600","V1872","V1919",45
"475603","V1875","V1919",133
"475605","V1877","V1919",52
"475607","V1879","V1919",45
"475612","V1884","V1919",76
"475617","V1889","V1919",75
"475620","V1892","V1919",48
"475627","V1899","V1919",96
"475632","V1904","V1919",200
"475634","V1906","V1919",67
"475647","V1919","V1919",89
"475648","V1920","V1919",190
"475651","V1923","V1919",137
"475658","V1930","V1919",52
"475669","V1941","V1919",38
"475729","V2001","V1919",38
"475732","V2004","V1919",32
"490155","V1623","V1929",51
"490164","V1632","V1929",21
"490167","V1635","V1929",26
"490171","V1639","V1929",54
"490183","V1651","V1929",46
"490200","V1668","V1929",46
"490303","V1771","V1929",39
"490348","V1816","V1929",49
"490352","V1820","V1929",90
"490432","V1900","V1929",20
"490450","V1918","V1929",49
"490458","V1926","V1929",70
"490461","V1929","V1929",89
"490465","V1933","V1929",100
"490466","V1934","V1929",131
"490470","V1938","V1929",91
"490472","V1940","V1929",143
"490483","V1951","V1929",94
"504954","V1618","V1938",45
"504975","V1639","V1938",62
"504976","V1640","V1938",50
"505156","V1820","V1938",86
"505167","V1831","V1938",54
"505169","V1833","V1938",48
"505250","V1914","V1938",55
"505262","V1926","V1938",53
"505265","V1929","V1938",170
"505269","V1933","V1938",198
"505270","V1934","V1938",192
"505274","V1938","V1938",139
"505276","V1940","V1938",98
"505278","V1942","V1938",60
"514124","V10788","V1938",19
"514128","V10792","V1938",14
"565418","V2866","V2729",39
"565427","V2875","V2729",51
"565428","V2876","V2729",115
"580093","V2737","V2732",43
"580103","V2747","V2732",51
"580104","V2748","V2732",24
"580115","V2759","V2732",15
"580121","V2765","V2732",27
"580136","V2780","V2732",32
"580157","V2801","V2732",53
"580158","V2802","V2732",19
"580160","V2804","V2732",25
"594894","V2734","V2733",29
"594895","V2735","V2733",30
"594899","V2739","V2733",38
"594907","V2747","V2733",28
"594928","V2768","V2733",37
"594935","V2775","V2733",31
"609700","V2736","V2734",41
"609720","V2756","V2734",34
"609723","V2759","V2734",25
"609732","V2768","V2734",26
"609768","V2804","V2734",22
"609844","V2880","V2734",51
"624518","V2750","V2735",26
"624519","V2751","V2735",30
"639304","V2732","V2738",26
"639305","V2733","V2738",23
"639312","V2740","V2738",38
"639313","V2741","V2738",22
"639315","V2743","V2738",35
"639318","V2746","V2738",24
"639319","V2747","V2738",27
"669061","V2881","V2887",46
"696242","V454","V2909",18
"698697","V2909","V2909",53
"698698","V2910","V2909",55
"698720","V2932","V2909",26
"698731","V2943","V2909",22
"698732","V2944","V2909",44
"698735","V2947","V2909",53
"698743","V2955","V2909",60
"698748","V2960","V2909",37
"698754","V2966","V2909",49
"698759","V2971","V2909",17
"713576","V2984","V2985",44
"713577","V2985","V2985",22
"743176","V2976","V2987",26
"772946","V3138","V2989",91
"787609","V2997","V2995",48
"787760","V3148","V2995",45
"816919","V2699","V3392",46
"817636","V3416","V3392",49
"817672","V3452","V3392",41
"817679","V3459","V3392",42
"817687","V3467","V3392",45
"817689","V3469","V3392",48
"817692","V3472","V3392",46
"817699","V3479","V3392",47
"817749","V3529","V3392",48
"817753","V3533","V3392",42
"817771","V3551","V3392",46
"817772","V3552","V3392",39
"817780","V3560","V3392",51
"817812","V3592","V3392",51
"817821","V3601","V3392",44
"817822","V3602","V3392",54
"817824","V3604","V3392",45
"818178","V3958","V3392",49
"820062","V5842","V3392",51
"820068","V5848","V3392",47
"833182","V4158","V3439",52
"833194","V4170","V3439",93
"833196","V4172","V3439",43
"833201","V4177","V3439",43
"833202","V4178","V3439",49
"833203","V4179","V3439",55
"833204","V4180","V3439",35
"833211","V4187","V3439",48
"833227","V4203","V3439",43
"833229","V4205","V3439",47
"833230","V4206","V3439",43
"833235","V4211","V3439",46
"833236","V4212","V3439",44
"833252","V4228","V3439",48
"833257","V4233","V3439",51
"833282","V4258","V3439",45
"833300","V4276","V3439",53
"833302","V4278","V3439",54
"833303","V4279","V3439",60
"833336","V4312","V3439",46
"833359","V4335","V3439",48
"833908","V4884","V3439",56
"833969","V4945","V3439",44
"833978","V4954","V3439",50
"833999","V4975","V3439",50
"834018","V4994","V3439",56
"834023","V4999","V3439",46
"834027","V5003","V3439",52
"834033","V5009","V3439",40
"834036","V5012","V3439",50
"834041","V5017","V3439",51
"834043","V5019","V3439",56
"834044","V5020","V3439",49
"834045","V5021","V3439",46
"834047","V5023","V3439",49
"834048","V5024","V3439",47
"834051","V5027","V3439",34
"834059","V5035","V3439",46
"838649","V9625","V3439",51
"846515","V2687","V3448",57
"847208","V3380","V3448",43
"847279","V3451","V3448",51
"847309","V3481","V3448",42
"847326","V3498","V3448",50
"847750","V3922","V3448",44
"847753","V3925","V3448",57
"847754","V3926","V3448",50
"847760","V3932","V3448",57
"847778","V3950","V3448",51
"847821","V3993","V3448",55
"862135","V3503","V3648",55
"862152","V3520","V3648",51
"876034","V2598","V3681",40
"877078","V3642","V3681",46
"877165","V3729","V3681",47
"877463","V4027","V3681",19
"890909","V2669","V3707",32
"890912","V2672","V3707",23
"890919","V2679","V3707",32
"891841","V3601","V3707",49
"891956","V3716","V3707",53
"897703","V9463","V3707",22
"897779","V9539","V3707",25
"897839","V9599","V3707",35
"897840","V9600","V3707",66
"897841","V9601","V3707",33
"897844","V9604","V3707",27
"897861","V9621","V3707",51
"897877","V9637","V3707",28
"897879","V9639","V3707",34
"905115","V2071","V3771",15
"905187","V2143","V3771",29
"905197","V2153","V3771",17
"905718","V2674","V3771",35
"906875","V3831","V3771",49
"906919","V3875","V3771",46
"912500","V9456","V3771",41
"912511","V9467","V3771",47
"912646","V9602","V3771",37
"912658","V9614","V3771",53
"921600","V3752","V3773",45
"921644","V3796","V3773",47
"921653","V3805","V3773",49
"921666","V3818","V3773",52
"921676","V3828","V3773",49
"921682","V3834","V3773",49
"921688","V3840","V3773",47
"921690","V3842","V3773",37
"921700","V3852","V3773",46
"921720","V3872","V3773",55
"921724","V3876","V3773",51
"921743","V3895","V3773",46
"921753","V3905","V3773",46
"921754","V3906","V3773",53
"921759","V3911","V3773",59
"922010","V4162","V3773",47
"922018","V4170","V3773",55
"922021","V4173","V3773",48
"922036","V4188","V3773",47
"922727","V4879","V3773",53
"922729","V4881","V3773",45
"922742","V4894","V3773",52
"922762","V4914","V3773",44
"922771","V4923","V3773",46
"922824","V4976","V3773",51
"922911","V5063","V3773",56
"936391","V3739","V3831",45
"936440","V3788","V3831",50
"936815","V4163","V3831",32
"936820","V4168","V3831",31
"936821","V4169","V3831",31
"937625","V4973","V3831",32
"937627","V4975","V3831",28
"937628","V4976","V3831",28
"937631","V4979","V3831",25
"942101","V9449","V3831",33
"942102","V9450","V3831",31
"942111","V9459","V3831",35
"942113","V9461","V3831",40
"942123","V9471","V3831",43
"942125","V9473","V3831",51
"942127","V9475","V3831",58
"942129","V9477","V3831",21
"942130","V9478","V3831",85
"942131","V9479","V3831",80
"942135","V9483","V3831",28
"942145","V9493","V3831",38
"942146","V9494","V3831",38
"942149","V9497","V3831",18
"942150","V9498","V3831",32
"942167","V9515","V3831",24
"942205","V9553","V3831",30
"942208","V9556","V3831",34
"942217","V9565","V3831",22
"942250","V9598","V3831",44
"942251","V9599","V3831",72
"942252","V9600","V3831",32
"942256","V9604","V3831",43
"942258","V9606","V3831",73
"942259","V9607","V3831",47
"942260","V9608","V3831",36
"942262","V9610","V3831",50
"942263","V9611","V3831",34
"942281","V9629","V3831",17
"942283","V9631","V3831",44
"942286","V9634","V3831",43
"942292","V9640","V3831",43
"950158","V2702","V3922",47
"950834","V3378","V3922",54
"950861","V3405","V3922",49
"950920","V3464","V3922",45
"950939","V3483","V3922",40
"950941","V3485","V3922",55
"950953","V3497","V3922",45
"951008","V3552","V3922",49
"951525","V4069","V3922",39
"953303","V5847","V3922",40
"964268","V2008","V3928",24
"964280","V2020","V3928",23
"964292","V2032","V3928",35
"964296","V2036","V3928",31
"964297","V2037","V3928",22
"964327","V2067","V3928",29
"964335","V2075","V3928",17
"964341","V2081","V3928",20
"964362","V2102","V3928",21
"964374","V2114","V3928",17
"964640","V2380","V3928",37
"964859","V2599","V3928",41
"964865","V2605","V3928",19
"964869","V2609","V3928",22
"964870","V2610","V3928",17
"964875","V2615","V3928",32
"964880","V2620","V3928",25
"964882","V2622","V3928",35
"964884","V2624","V3928",74
"964889","V2629","V3928",34
"964890","V2630","V3928",83
"964892","V2632","V3928",44
"964893","V2633","V3928",37
"964894","V2634","V3928",33
"964897","V2637","V3928",33
"964898","V2638","V3928",36
"964902","V2642","V3928",56
"964905","V2645","V3928",40
"964910","V2650","V3928",44
"964916","V2656","V3928",38
"964924","V2664","V3928",13
"964927","V2667","V3928",46
"964963","V2703","V3928",37
"965774","V3514","V3928",40
"965861","V3601","V3928",21
"966181","V3921","V3928",54
"966188","V3928","V3928",47
"966189","V3929","V3928",30
"966206","V3946","V3928",52
"966207","V3947","V3928",51
"966219","V3959","V3928",28
"966287","V4027","V3928",31
"966305","V4045","V3928",51
"966329","V4069","V3928",55
"967930","V5670","V3928",53
"979730","V2666","V3971",47
"979758","V2694","V3971",46
"980455","V3391","V3971",102
"994540","V2672","V3976",49
"995834","V3966","V3976",57
"995836","V3968","V3976",48
"1008690","V2018","V3979",21
"1009339","V2667","V3979",40
"1010056","V3384","V3979",48
"1010248","V3576","V3979",43
"1010608","V3936","V3979",44
"1010729","V4057","V3979",53
"1012513","V5841","V3979",46
"1024166","V2690","V3980",55
"1024874","V3398","V3980",54
"1024875","V3399","V3980",46
"1024876","V3400","V3980",45
"1024890","V3414","V3980",52
"1024895","V3419","V3980",48
"1024924","V3448","V3980",40
"1024965","V3489","V3980",46
"1025004","V3528","V3980",56
"1025037","V3561","V3980",60
"1025042","V3566","V3980",43
"1025044","V3568","V3980",49
"1025045","V3569","V3980",50
"1025078","V3602","V3980",43
"1025079","V3603","V3980",54
"1025080","V3604","V3980",55
"1025395","V3919","V3980",51
"1025404","V3928","V3980",48
"1025410","V3934","V3980",42
"1025418","V3942","V3980",85
"1025419","V3943","V3980",40
"1025440","V3964","V3980",50
"1025441","V3965","V3980",53
"1025463","V3987","V3980",55
"1025479","V4003","V3980",50
"1025482","V4006","V3980",50
"1025484","V4008","V3980",91
"1025492","V4016","V3980",52
"1025499","V4023","V3980",46
"1025500","V4024","V3980",54
"1025501","V4025","V3980",45
"1025502","V4026","V3980",49
"1025503","V4027","V3980",97
"1025508","V4032","V3980",51
"1025510","V4034","V3980",50
"1025511","V4035","V3980",47
"1025514","V4038","V3980",49
"1025515","V4039","V3980",55
"1025528","V4052","V3980",46
"1027144","V5668","V3980",56
"1027329","V5853","V3980",55
"1031092","V9616","V3980",55
"1038923","V2643","V3981",41
"1038950","V2670","V3981",39
"1038965","V2685","V3981",28
"1039651","V3371","V3981",44
"1039664","V3384","V3981",51
"1039746","V3466","V3981",57
"1039772","V3492","V3981",48
"1039796","V3516","V3981",46
"1039900","V3620","V3981",52
"1040211","V3931","V3981",38
"1040215","V3935","V3981",47
"1040288","V4008","V3981",40
"1040296","V4016","V3981",41
"1040297","V4017","V3981",44
"1040301","V4021","V3981",52
"1040302","V4022","V3981",46
"1040307","V4027","V3981",53
"1040321","V4041","V3981",48
"1040326","V4046","V3981",52
"1054453","V3369","V4043",45
"1054460","V3376","V4043",36
"1054461","V3377","V4043",34
"1054470","V3386","V4043",42
"1054475","V3391","V4043",39
"1054478","V3394","V4043",36
"1054482","V3398","V4043",53
"1054483","V3399","V4043",90
"1055008","V3924","V4043",53
"1055017","V3933","V4043",28
"1055022","V3938","V4043",26
"1055047","V3963","V4043",31
"1055070","V3986","V4043",35
"1055074","V3990","V4043",43
"1055097","V4013","V4043",40
"1055100","V4016","V4043",38
"1055115","V4031","V4043",58
"1055116","V4032","V4043",41
"1055131","V4047","V4043",55
"1055132","V4048","V4043",52
"1055142","V4058","V4043",29
"1055143","V4059","V4043",41
"1055144","V4060","V4043",37
"1055147","V4063","V4043",32
"1055148","V4064","V4043",27
"1055150","V4066","V4043",42
"1055152","V4068","V4043",50
"1056750","V5666","V4043",49
"1056751","V5667","V4043",52
"1068508","V2620","V4044",48
"1068514","V2626","V4044",50
"1069878","V3990","V4044",54
"1071710","V5822","V4044",56
"1071716","V5828","V4044",52
"1071733","V5845","V4044",53
"1084081","V3389","V4049",58
"1084740","V4048","V4049",57
"1099373","V3877","V4181",51
"1099583","V4087","V4181",54
"1099603","V4107","V4181",40
"1099618","V4122","V4181",47
"1099645","V4149","V4181",48
"1099647","V4151","V4181",45
"1099651","V4155","V4181",36
"1099657","V4161","V4181",54
"1099670","V4174","V4181",43
"1099673","V4177","V4181",43
"1099677","V4181","V4181",87
"1099694","V4198","V4181",42
"1099702","V4206","V4181",45
"1099712","V4216","V4181",53
"1099725","V4229","V4181",47
"1099742","V4246","V4181",44
"1099751","V4255","V4181",49
"1099826","V4330","V4181",28
"1099835","V4339","V4181",50
"1099836","V4340","V4181",56
"1099839","V4343","V4181",48
"1099840","V4344","V4181",41
"1099842","V4346","V4181",45
"1099854","V4358","V4181",45
"1099859","V4363","V4181",52
"1099862","V4366","V4181",46
"1099863","V4367","V4181",42
"1099866","V4370","V4181",53
"1100130","V4634","V4181",46
"1100198","V4702","V4181",54
"1100374","V4878","V4181",39
"1100409","V4913","V4181",51
"1100499","V5003","V4181",54
"1100513","V5017","V4181",49
"1100515","V5019","V4181",108
"1100520","V5024","V4181",46
"1100522","V5026","V4181",48
"1113740","V3440","V4342",45
"1114054","V3754","V4342",53
"1114159","V3859","V4342",41
"1114199","V3899","V4342",49
"1114205","V3905","V4342",50
"1114206","V3906","V4342",41
"1114207","V3907","V4342",53
"1114592","V4292","V4342",42
"1114634","V4334","V4342",47
"1114659","V4359","V4342",44
"1115185","V4885","V4342",23
"1115314","V5014","V4342",45
"1115317","V5017","V4342",68
"1115319","V5019","V4342",55
"1115335","V5035","V4342",50
"1115339","V5039","V4342",49
"1115341","V5041","V4342",55
"1115352","V5052","V4342",43
"1119788","V9488","V4342",31
"1119791","V9491","V4342",36
"1119800","V9500","V4342",33
"1119824","V9524","V4342",43
"1119848","V9548","V4342",47
"1119857","V9557","V4342",35
"1119863","V9563","V4342",25
"1119900","V9600","V4342",37
"1119901","V9601","V4342",32
"1119913","V9613","V4342",12
"1119936","V9636","V4342",74
"1119937","V9637","V4342",40
"1119939","V9639","V4342",31
"1130025","V4921","V4343",54
"1130070","V4966","V4343",47
"1134627","V9523","V4343",36
"1144322","V4414","V4488",50
"1144325","V4417","V4488",45
"1144346","V4438","V4488",41
"1144722","V4814","V4488",51
"1158853","V4141","V4552",28
"1159091","V4379","V4552",47
"1159141","V4429","V4552",28
"1159144","V4432","V4552",45
"1159149","V4437","V4552",40
"1159150","V4438","V4552",36
"1159151","V4439","V4552",35
"1159152","V4440","V4552",86
"1159170","V4458","V4552",39
"1159173","V4461","V4552",37
"1159200","V4488","V4552",47
"1159213","V4501","V4552",42
"1159215","V4503","V4552",28
"1159218","V4506","V4552",47
"1159221","V4509","V4552",57
"1159233","V4521","V4552",32
"1159236","V4524","V4552",35
"1159244","V4532","V4552",44
"1159247","V4535","V4552",69
"1159248","V4536","V4552",40
"1159250","V4538","V4552",44
"1159251","V4539","V4552",49
"1159252","V4540","V4552",43
"1159255","V4543","V4552",53
"1159258","V4546","V4552",50
"1159263","V4551","V4552",48
"1159374","V4662","V4552",39
"1159376","V4664","V4552",51
"1159456","V4744","V4552",50
"1159471","V4759","V4552",26
"1159477","V4765","V4552",37
"1159480","V4768","V4552",33
"1159486","V4774","V4552",34
"1159487","V4775","V4552",38
"1159498","V4786","V4552",37
"1159501","V4789","V4552",38
"1159518","V4806","V4552",49
"1159527","V4815","V4552",41
"1159531","V4819","V4552",52
"1159532","V4820","V4552",47
"1159535","V4823","V4552",54
"1159558","V4846","V4552",33
"1159582","V4870","V4552",44
"1159585","V4873","V4552",39
"1159777","V5065","V4552",35
"1159783","V5071","V4552",42
"1164130","V9418","V4552",46
"1164131","V9419","V4552",37
"1164233","V9521","V4552",22
"1164238","V9526","V4552",19
"1164291","V9579","V4552",27
"1164293","V9581","V4552",18
"1164295","V9583","V4552",34
"1164297","V9585","V4552",38
"1164299","V9587","V4552",17
"1164303","V9591","V4552",17
"1164920","V10208","V4552",17
"1170776","V1260","V4579",27
"1170779","V1263","V4579",45
"1174050","V4534","V4579",52
"1174060","V4544","V4579",55
"1174092","V4576","V4579",46
"1174098","V4582","V4579",47
"1174100","V4584","V4579",55
"1174106","V4590","V4579",44
"1174110","V4594","V4579",52
"1174115","V4599","V4579",48
"1174331","V4815","V4579",45
"1185572","V1252","V4582",30
"1185576","V1256","V4582",27
"1188727","V4407","V4582",26
"1188730","V4410","V4582",21
"1188812","V4492","V4582",44
"1188859","V4539","V4582",50
"1188876","V4556","V4582",55
"1188884","V4564","V4582",27
"1188887","V4567","V4582",42
"1188888","V4568","V4582",35
"1188897","V4577","V4582",84
"1188898","V4578","V4582",28
"1188901","V4581","V4582",82
"1188902","V4582","V4582",56
"1188903","V4583","V4582",40
"1188914","V4594","V4582",47
"1188919","V4599","V4582",47
"1188920","V4600","V4582",40
"1189392","V5072","V4582",53
"1203501","V4377","V4594",38
"1203561","V4437","V4594",16
"1203563","V4439","V4594",27
"1203617","V4493","V4594",31
"1203618","V4494","V4594",18
"1203620","V4496","V4594",32
"1203623","V4499","V4594",27
"1203627","V4503","V4594",24
"1203629","V4505","V4594",28
"1203641","V4517","V4594",28
"1203646","V4522","V4594",49
"1203650","V4526","V4594",50
"1203651","V4527","V4594",91
"1203658","V4534","V4594",76
"1203659","V4535","V4594",40
"1203661","V4537","V4594",20
"1203664","V4540","V4594",53
"1203665","V4541","V4594",54
"1203668","V4544","V4594",55
"1203675","V4551","V4594",31
"1203679","V4555","V4594",80
"1203688","V4564","V4594",52
"1203693","V4569","V4594",41
"1203709","V4585","V4594",54
"1203796","V4672","V4594",56
"1203882","V4758","V4594",39
"1203918","V4794","V4594",26
"1203919","V4795","V4594",23
"1203929","V4805","V4594",15
"1203937","V4813","V4594",46
"1203939","V4815","V4594",34
"1203940","V4816","V4594",37
"1203947","V4823","V4594",21
"1203948","V4824","V4594",37
"1204195","V5071","V4594",31
"1208541","V9417","V4594",33
"1208545","V9421","V4594",30
"1208687","V9563","V4594",16
"1208710","V9586","V4594",25
"1208717","V9593","V4594",21
"1208771","V9647","V4594",49
"1218034","V4106","V4620",53
"1218071","V4143","V4620",47
"1218072","V4144","V4620",56
"1218075","V4147","V4620",51
"1218181","V4253","V4620",47
"1218185","V4257","V4620",51
"1218187","V4259","V4620",45
"1218188","V4260","V4620",48
"1218189","V4261","V4620",52
"1218190","V4262","V4620",48
"1218219","V4291","V4620",55
"1218229","V4301","V4620",45
"1218230","V4302","V4620",47
"1218257","V4329","V4620",50
"1218264","V4336","V4620",27
"1218299","V4371","V4620",55
"1218443","V4515","V4620",52
"1218556","V4628","V4620",51
"1218568","V4640","V4620",44
"1218575","V4647","V4620",38
"1218576","V4648","V4620",53
"1218579","V4651","V4620",44
"1218590","V4662","V4620",43
"1218631","V4703","V4620",43
"1218638","V4710","V4620",44
"1232826","V4094","V4912",50
"1232923","V4191","V4912",51
"1232936","V4204","V4912",49
"1232945","V4213","V4912",50
"1232946","V4214","V4912",52
"1232947","V4215","V4912",50
"1232966","V4234","V4912",44
"1232967","V4235","V4912",50
"1232980","V4248","V4912",48
"1232988","V4256","V4912",46
"1233084","V4352","V4912",42
"1233087","V4355","V4912",53
"1233090","V4358","V4912",52
"1233621","V4889","V4912",46
"1233647","V4915","V4912",47
"1233648","V4916","V4912",55
"1233649","V4917","V4912",48
"1233658","V4926","V4912",45
"1233682","V4950","V4912",60
"1233701","V4969","V4912",55
"1233714","V4982","V4912",48
"1233736","V5004","V4912",49
"1233747","V5015","V4912",59
"1233754","V5022","V4912",55
"1238207","V9475","V4912",38
"1238220","V9488","V4912",34
"1238226","V9494","V4912",26
"1238253","V9521","V4912",25
"1238305","V9573","V4912",30
"1238332","V9600","V4912",35
"1238354","V9622","V4912",25
"1247411","V3875","V4918",48
"1247431","V3895","V4918",50
"1247441","V3905","V4918",51
"1247698","V4162","V4918",50
"1247707","V4171","V4918",50
"1247724","V4188","V4918",58
"1247732","V4196","V4918",52
"1247746","V4210","V4918",49
"1247747","V4211","V4918",50
"1247749","V4213","V4918",94
"1247750","V4214","V4918",80
"1247752","V4216","V4918",43
"1247764","V4228","V4918",44
"1247766","V4230","V4918",42
"1247767","V4231","V4918",54
"1247770","V4234","V4918",84
"1247771","V4235","V4918",56
"1247775","V4239","V4918",50
"1247780","V4244","V4918",50
"1247781","V4245","V4918",54
"1247802","V4266","V4918",48
"1247803","V4267","V4918",37
"1247807","V4271","V4918",40
"1247819","V4283","V4918",43
"1247848","V4312","V4918",47
"1247849","V4313","V4918",48
"1247896","V4360","V4918",37
"1248139","V4603","V4918",58
"1248425","V4889","V4918",44
"1248429","V4893","V4918",51
"1248431","V4895","V4918",43
"1248434","V4898","V4918",86
"1248435","V4899","V4918",44
"1248463","V4927","V4918",43
"1248479","V4943","V4918",28
"1248480","V4944","V4918",45
"1248481","V4945","V4918",98
"1248523","V4987","V4918",47
"1248531","V4995","V4918",98
"1248532","V4996","V4918",53
"1248542","V5006","V4918",54
"1248546","V5010","V4918",48
"1248553","V5017","V4918",42
"1248560","V5024","V4918",42
"1248573","V5037","V4918",28
"1262119","V3779","V4921",47
"1262236","V3896","V4921",44
"1262497","V4157","V4921",41
"1263223","V4883","V4921",48
"1263257","V4917","V4921",50
"1263263","V4923","V4921",52
"1263265","V4925","V4921",55
"1267805","V9465","V4921",32
"1267810","V9470","V4921",19
"1267828","V9488","V4921",44
"1267845","V9505","V4921",17
"1267855","V9515","V4921",44
"1267894","V9554","V4921",22
"1276583","V3439","V4922",47
"1276586","V3442","V4922",51
"1276587","V3443","V4922",51
"1277032","V3888","V4922",50
"1277043","V3899","V4922",49
"1277047","V3903","V4922",55
"1277049","V3905","V4922",49
"1277050","V3906","V4922",49
"1277274","V4130","V4922",33
"1277317","V4173","V4922",43
"1277325","V4181","V4922",24
"1277330","V4186","V4922",52
"1277335","V4191","V4922",26
"1277337","V4193","V4922",42
"1277344","V4200","V4922",35
"1277346","V4202","V4922",43
"1277347","V4203","V4922",25
"1277370","V4226","V4922",58
"1277371","V4227","V4922",54
"1277374","V4230","V4922",46
"1277375","V4231","V4922",41
"1277376","V4232","V4922",44
"1277379","V4235","V4922",48
"1277410","V4266","V4922",40
"1277413","V4269","V4922",48
"1277435","V4291","V4922",34
"1277466","V4322","V4922",63
"1277478","V4334","V4922",41
"1277507","V4363","V4922",38
"1277616","V4472","V4922",35
"1277767","V4623","V4922",30
"1277788","V4644","V4922",24
"1277791","V4647","V4922",30
"1277793","V4649","V4922",34
"1277799","V4655","V4922",23
"1277803","V4659","V4922",18
"1277860","V4716","V4922",26
"1277872","V4728","V4922",23
"1277892","V4748","V4922",25
"1277893","V4749","V4922",23
"1278030","V4886","V4922",55
"1278031","V4887","V4922",45
"1278040","V4896","V4922",31
"1278065","V4921","V4922",57
"1278080","V4936","V4922",40
"1278081","V4937","V4922",33
"1278083","V4939","V4922",23
"1278084","V4940","V4922",24
"1278086","V4942","V4922",56
"1278090","V4946","V4922",42
"1278095","V4951","V4922",50
"1278113","V4969","V4922",30
"1278119","V4975","V4922",20
"1278125","V4981","V4922",57
"1278126","V4982","V4922",52
"1278128","V4984","V4922",52
"1278131","V4987","V4922",45
"1278143","V4999","V4922",25
"1278155","V5011","V4922",55
"1278157","V5013","V4922",48
"1278163","V5019","V4922",50
"1278167","V5023","V4922",30
"1278173","V5029","V4922",20
"1278176","V5032","V4922",42
"1278178","V5034","V4922",46
"1278183","V5039","V4922",42
"1278198","V5054","V4922",43
"1278200","V5056","V4922",53
"1278201","V5057","V4922",48
"1278205","V5061","V4922",55
"1291644","V3696","V4957",47
"1292032","V4084","V4957",52
"1292033","V4085","V4957",49
"1292100","V4152","V4957",50
"1292130","V4182","V4957",42
"1292157","V4209","V4957",50
"1292162","V4214","V4957",44
"1292191","V4243","V4957",48
"1292205","V4257","V4957",47
"1292207","V4259","V4957",46
"1292212","V4264","V4957",47
"1292228","V4280","V4957",44
"1292245","V4297","V4957",47
"1292847","V4899","V4957",43
"1292848","V4900","V4957",55
"1292854","V4906","V4957",53
"1292868","V4920","V4957",54
"1292882","V4934","V4957",47
"1292907","V4959","V4957",47
"1292910","V4962","V4957",54
"1292951","V5003","V4957",48
"1292958","V5010","V4957",51
"1292961","V5013","V4957",53
"1292963","V5015","V4957",54
"1292966","V5018","V4957",39
"1292971","V5023","V4957",50
"1292973","V5025","V4957",42
"1297416","V9468","V4957",32
"1297462","V9514","V4957",54
"1297563","V9615","V4957",43
"1306567","V3815","V4994",47
"1306944","V4192","V4994",54
"1306974","V4222","V4994",46
"1307057","V4305","V4994",51
"1307081","V4329","V4994",50
"1307638","V4886","V4994",52
"1307761","V5009","V4994",41
"1307774","V5022","V4994",52
"1307776","V5024","V4994",48
"1312219","V9467","V4994",53
"1312271","V9519","V4994",54
"1312324","V9572","V4994",30
"1321634","V4078","V5037",40
"1321635","V4079","V5037",43
"1321638","V4082","V5037",49
"1321639","V4083","V5037",108
"1321643","V4087","V5037",50
"1321646","V4090","V5037",43
"1321647","V4091","V5037",45
"1321650","V4094","V5037",40
"1321652","V4096","V5037",88
"1321653","V4097","V5037",49
"1321655","V4099","V5037",47
"1321656","V4100","V5037",30
"1321658","V4102","V5037",46
"1321659","V4103","V5037",49
"1321660","V4104","V5037",47
"1321661","V4105","V5037",40
"1321663","V4107","V5037",47
"1321670","V4114","V5037",28
"1321673","V4117","V5037",46
"1321676","V4120","V5037",30
"1321678","V4122","V5037",48
"1321679","V4123","V5037",56
"1321680","V4124","V5037",44
"1321683","V4127","V5037",51
"1321684","V4128","V5037",38
"1321685","V4129","V5037",37
"1321686","V4130","V5037",39
"1321687","V4131","V5037",119
"1321688","V4132","V5037",39
"1321689","V4133","V5037",69
"1321690","V4134","V5037",82
"1321691","V4135","V5037",27
"1321693","V4137","V5037",29
"1321696","V4140","V5037",161
"1321698","V4142","V5037",38
"1321699","V4143","V5037",26
"1321700","V4144","V5037",29
"1321701","V4145","V5037",40
"1321702","V4146","V5037",38
"1321703","V4147","V5037",47
"1321704","V4148","V5037",72
"1321705","V4149","V5037",84
"1321706","V4150","V5037",30
"1321709","V4153","V5037",40
"1321710","V4154","V5037",98
"1321712","V4156","V5037",28
"1321721","V4165","V5037",44
"1321722","V4166","V5037",49
"1321727","V4171","V5037",50
"1321728","V4172","V5037",51
"1321739","V4183","V5037",51
"1321741","V4185","V5037",57
"1321770","V4214","V5037",47
"1321776","V4220","V5037",43
"1321778","V4222","V5037",48
"1321782","V4226","V5037",33
"1321784","V4228","V5037",37
"1321785","V4229","V5037",33
"1321787","V4231","V5037",40
"1321791","V4235","V5037",54
"1321800","V4244","V5037",43
"1321804","V4248","V5037",42
"1321805","V4249","V5037",41
"1321809","V4253","V5037",40
"1321810","V4254","V5037",45
"1321811","V4255","V5037",87
"1321812","V4256","V5037",30
"1321814","V4258","V5037",24
"1321815","V4259","V5037",79
"1321816","V4260","V5037",53
"1321818","V4262","V5037",47
"1321820","V4264","V5037",96
"1321821","V4265","V5037",45
"1321825","V4269","V5037",41
"1321829","V4273","V5037",36
"1321830","V4274","V5037",42
"1321831","V4275","V5037",52
"1321833","V4277","V5037",36
"1321835","V4279","V5037",89
"1321836","V4280","V5037",80
"1321837","V4281","V5037",72
"1321838","V4282","V5037",25
"1321840","V4284","V5037",53
"1321841","V4285","V5037",84
"1321842","V4286","V5037",49
"1321843","V4287","V5037",51
"1321845","V4289","V5037",45
"1321846","V4290","V5037",78
"1321847","V4291","V5037",38
"1321848","V4292","V5037",44
"1321849","V4293","V5037",50
"1321850","V4294","V5037",51
"1321851","V4295","V5037",50
"1321852","V4296","V5037",77
"1321855","V4299","V5037",63
"1321857","V4301","V5037",55
"1321859","V4303","V5037",90
"1321860","V4304","V5037",107
"1321861","V4305","V5037",92
"1321862","V4306","V5037",81
"1321863","V4307","V5037",99
"1321865","V4309","V5037",93
"1321867","V4311","V5037",93
"1321868","V4312","V5037",87
"1321869","V4313","V5037",41
"1321870","V4314","V5037",81
"1321871","V4315","V5037",47
"1321872","V4316","V5037",94
"1321873","V4317","V5037",56
"1321874","V4318","V5037",52
"1321876","V4320","V5037",35
"1321877","V4321","V5037",40
"1321878","V4322","V5037",35
"1321880","V4324","V5037",72
"1321881","V4325","V5037",91
"1321883","V4327","V5037",41
"1321889","V4333","V5037",51
"1321896","V4340","V5037",47
"1321899","V4343","V5037",100
"1321900","V4344","V5037",53
"1321906","V4350","V5037",43
"1321912","V4356","V5037",49
"1321913","V4357","V5037",26
"1321915","V4359","V5037",124
"1321918","V4362","V5037",47
"1321925","V4369","V5037",36
"1321930","V4374","V5037",44
"1321931","V4375","V5037",43
"1321934","V4378","V5037",38
"1321935","V4379","V5037",36
"1321940","V4384","V5037",33
"1321944","V4388","V5037",35
"1321945","V4389","V5037",36
"1321948","V4392","V5037",34
"1321949","V4393","V5037",26
"1321950","V4394","V5037",37
"1321952","V4396","V5037",34
"1321953","V4397","V5037",67
"1321954","V4398","V5037",42
"1321958","V4402","V5037",40
"1321959","V4403","V5037",37
"1321965","V4409","V5037",35
"1321978","V4422","V5037",45
"1321980","V4424","V5037",38
"1321981","V4425","V5037",43
"1321983","V4427","V5037",85
"1321984","V4428","V5037",50
"1321985","V4429","V5037",33
"1321987","V4431","V5037",100
"1321989","V4433","V5037",54
"1321990","V4434","V5037",97
"1321991","V4435","V5037",47
"1321992","V4436","V5037",41
"1321993","V4437","V5037",51
"1321995","V4439","V5037",37
"1321997","V4441","V5037",50
"1322000","V4444","V5037",89
"1322002","V4446","V5037",89
"1322004","V4448","V5037",52
"1322007","V4451","V5037",40
"1322009","V4453","V5037",41
"1322011","V4455","V5037",28
"1322017","V4461","V5037",37
"1322070","V4514","V5037",57
"1322076","V4520","V5037",41
"1322077","V4521","V5037",58
"1322085","V4529","V5037",34
"1322086","V4530","V5037",28
"1322105","V4549","V5037",27
"1322131","V4575","V5037",32
"1322141","V4585","V5037",23
"1322154","V4598","V5037",23
"1322155","V4599","V5037",32
"1322159","V4603","V5037",32
"1322160","V4604","V5037",103
"1322161","V4605","V5037",82
"1322168","V4612","V5037",80
"1322169","V4613","V5037",42
"1322170","V4614","V5037",29
"1322173","V4617","V5037",25
"1322178","V4622","V5037",39
"1322187","V4631","V5037",49
"1322188","V4632","V5037",41
"1322189","V4633","V5037",46
"1322191","V4635","V5037",76
"1322194","V4638","V5037",97
"1322195","V4639","V5037",35
"1322196","V4640","V5037",50
"1322199","V4643","V5037",86
"1322200","V4644","V5037",91
"1322201","V4645","V5037",49
"1322203","V4647","V5037",24
"1322206","V4650","V5037",47
"1322207","V4651","V5037",113
"1322209","V4653","V5037",38
"1322210","V4654","V5037",26
"1322211","V4655","V5037",47
"1322212","V4656","V5037",41
"1322213","V4657","V5037",36
"1322217","V4661","V5037",22
"1322218","V4662","V5037",34
"1322224","V4668","V5037",30
"1322226","V4670","V5037",39
"1322227","V4671","V5037",24
"1322233","V4677","V5037",45
"1322234","V4678","V5037",46
"1322238","V4682","V5037",39
"1322240","V4684","V5037",75
"1322242","V4686","V5037",48
"1322243","V4687","V5037",29
"1322247","V4691","V5037",21
"1322248","V4692","V5037",46
"1322249","V4693","V5037",41
"1322254","V4698","V5037",37
"1322255","V4699","V5037",24
"1322256","V4700","V5037",34
"1322258","V4702","V5037",45
"1322260","V4704","V5037",49
"1322261","V4705","V5037",45
"1322263","V4707","V5037",90
"1322264","V4708","V5037",53
"1322268","V4712","V5037",77
"1322270","V4714","V5037",37
"1322272","V4716","V5037",41
"1322273","V4717","V5037",88
"1322274","V4718","V5037",35
"1322275","V4719","V5037",95
"1322276","V4720","V5037",32
"1322278","V4722","V5037",29
"1322281","V4725","V5037",31
"1322282","V4726","V5037",40
"1322283","V4727","V5037",34
"1322286","V4730","V5037",42
"1322290","V4734","V5037",48
"1322296","V4740","V5037",51
"1322299","V4743","V5037",50
"1322302","V4746","V5037",45
"1322304","V4748","V5037",39
"1322308","V4752","V5037",35
"1322311","V4755","V5037",31
"1322316","V4760","V5037",57
"1322318","V4762","V5037",45
"1322323","V4767","V5037",86
"1322325","V4769","V5037",55
"1322327","V4771","V5037",42
"1322330","V4774","V5037",51
"1322331","V4775","V5037",48
"1322332","V4776","V5037",50
"1322333","V4777","V5037",23
"1322337","V4781","V5037",50
"1322338","V4782","V5037",41
"1322341","V4785","V5037",47
"1322346","V4790","V5037",51
"1322348","V4792","V5037",51
"1322349","V4793","V5037",38
"1322353","V4797","V5037",68
"1322359","V4803","V5037",45
"1322364","V4808","V5037",35
"1322365","V4809","V5037",37
"1322368","V4812","V5037",49
"1322370","V4814","V5037",32
"1322373","V4817","V5037",45
"1322385","V4829","V5037",42
"1322386","V4830","V5037",33
"1322387","V4831","V5037",48
"1322390","V4834","V5037",45
"1322393","V4837","V5037",12
"1322398","V4842","V5037",33
"1322405","V4849","V5037",18
"1322408","V4852","V5037",25
"1322409","V4853","V5037",35
"1322410","V4854","V5037",29
"1322411","V4855","V5037",26
"1322429","V4873","V5037",23
"1322432","V4876","V5037",23
"1322436","V4880","V5037",36
"1322457","V4901","V5037",27
"1322534","V4978","V5037",42
"1322539","V4983","V5037",30
"1322544","V4988","V5037",39
"1322560","V5004","V5037",45
"1322566","V5010","V5037",41
"1322570","V5014","V5037",52
"1322571","V5015","V5037",56
"1322572","V5016","V5037",27
"1322576","V5020","V5037",39
"1322577","V5021","V5037",45
"1322580","V5024","V5037",47
"1322583","V5027","V5037",44
"1322592","V5036","V5037",53
"1322593","V5037","V5037",87
"1322594","V5038","V5037",44
"1322597","V5041","V5037",77
"1322599","V5043","V5037",44
"1322600","V5044","V5037",40
"1322601","V5045","V5037",98
"1322602","V5046","V5037",45
"1322604","V5048","V5037",44
"1322606","V5050","V5037",57
"1335833","V3473","V5064",26
"1335838","V3478","V5064",27
"1335867","V3507","V5064",28
"1335901","V3541","V5064",29
"1335934","V3574","V5064",28
"1336059","V3699","V5064",49
"1336075","V3715","V5064",46
"1336080","V3720","V5064",53
"1336081","V3721","V5064",53
"1336090","V3730","V5064",37
"1336128","V3768","V5064",50
"1341816","V9456","V5064",51
"1341820","V9460","V5064",26
"1341828","V9468","V5064",24
"1341837","V9477","V5064",29
"1341839","V9479","V5064",26
"1341840","V9480","V5064",25
"1341844","V9484","V5064",31
"1341845","V9485","V5064",44
"1341848","V9488","V5064",22
"1341851","V9491","V5064",17
"1341852","V9492","V5064",48
"1341857","V9497","V5064",40
"1341858","V9498","V5064",41
"1341859","V9499","V5064",37
"1341878","V9518","V5064",54
"1341882","V9522","V5064",47
"1341883","V9523","V5064",51
"1341884","V9524","V5064",82
"1341918","V9558","V5064",38
"1341959","V9599","V5064",38
"1341962","V9602","V5064",38
"1341964","V9604","V5064",38
"1341969","V9609","V5064",36
"1341970","V9610","V5064",25
"1341982","V9622","V5064",98
"1341983","V9623","V5064",27
"1341988","V9628","V5064",25
"1341989","V9629","V5064",30
"1341990","V9630","V5064",77
"1341995","V9635","V5064",35
"1381867","V5095","V5092",28
"1381868","V5096","V5092",36
"1381872","V5100","V5092",32
"1381877","V5105","V5092",25
"1381885","V5113","V5092",150
"1381891","V5119","V5092",22
"1382508","V5736","V5092",24
"1382516","V5744","V5092",25
"1382518","V5746","V5092",22
"1382519","V5747","V5092",46
"1382533","V5761","V5092",35
"1382541","V5769","V5092",19
"1388920","V12148","V5092",17
"1388941","V12169","V5092",40
"1396678","V5102","V5093",51
"1396706","V5130","V5093",39
"1396709","V5133","V5093",43
"1396719","V5143","V5093",60
"1397310","V5734","V5093",21
"1402607","V11031","V5093",23
"1403780","V12204","V5093",15
"1403814","V12238","V5093",36
"1411480","V5100","V5094",53
"1411485","V5105","V5094",34
"1411500","V5120","V5094",21
"1426272","V5088","V5096",27
"1426275","V5091","V5096",52
"1426285","V5101","V5096",103
"1426289","V5105","V5096",30
"1426292","V5108","V5096",43
"1426312","V5128","V5096",42
"1426316","V5132","V5096",39
"1426326","V5142","V5096",40
"1426342","V5158","V5096",21
"1426941","V5757","V5096",28
"1426972","V5788","V5096",22
"1441084","V5096","V5113",47
"1441094","V5106","V5113",26
"1441095","V5107","V5113",46
"1441097","V5109","V5113",26
"1441099","V5111","V5113",42
"1441104","V5116","V5113",40
"1441106","V5118","V5113",48
"1441110","V5122","V5113",27
"1441112","V5124","V5113",45
"1441722","V5734","V5113",29
"1441723","V5735","V5113",26
"1441727","V5739","V5113",28
"1441728","V5740","V5113",25
"1441732","V5744","V5113",27
"1441733","V5745","V5113",100
"1441735","V5747","V5113",33
"1441736","V5748","V5113",82
"1441737","V5749","V5113",52
"1441738","V5750","V5113",20
"1441739","V5751","V5113",26
"1441740","V5752","V5113",22
"1441741","V5753","V5113",22
"1441742","V5754","V5113",27
"1441743","V5755","V5113",32
"1441745","V5757","V5113",63
"1441746","V5758","V5113",25
"1441748","V5760","V5113",66
"1441757","V5769","V5113",35
"1441767","V5779","V5113",28
"1448141","V12153","V5113",43
"1455881","V5089","V5125",34
"1455883","V5091","V5125",29
"1455884","V5092","V5125",42
"1455887","V5095","V5125",40
"1455889","V5097","V5125",46
"1455901","V5109","V5125",28
"1455904","V5112","V5125",21
"1455908","V5116","V5125",42
"1455912","V5120","V5125",26
"1455921","V5129","V5125",43
"1455923","V5131","V5125",34
"1455933","V5141","V5125",27
"1455936","V5144","V5125",36
"1456557","V5765","V5125",28
"1456585","V5793","V5125",10
"1462945","V12153","V5125",20
"1470695","V5099","V5133",24
"1470722","V5126","V5133",42
"1470724","V5128","V5133",48
"1470733","V5137","V5133",53
"1470734","V5138","V5133",50
"1470736","V5140","V5133",55
"1470737","V5141","V5133",47
"1471326","V5730","V5133",34
"1476574","V10978","V5133",37
"1476922","V11326","V5133",25
"1477037","V11441","V5133",22
"1477062","V11466","V5133",54
"1477063","V11467","V5133",34
"1477064","V11468","V5133",35
"1477072","V11476","V5133",25
"1477073","V11477","V5133",27
"1477074","V11478","V5133",63
"1477077","V11481","V5133",34
"1477728","V12132","V5133",34
"1477765","V12169","V5133",23
"1477822","V12226","V5133",33
"1477836","V12240","V5133",35
"1477852","V12256","V5133",39
"1477854","V12258","V5133",54
"1500374","V5170","V5172",115
"1500376","V5172","V5172",29
"1500383","V5179","V5172",39
"1500384","V5180","V5172",35
"1529998","V5186","V5177",80
"1544784","V5168","V5178",43
"1544786","V5170","V5178",49
"1544790","V5174","V5178",23
"1544800","V5184","V5178",45
"1559599","V5179","V5179",50
"1633643","V5203","V5208",53
"1648453","V5209","V5210",33
"1648455","V5211","V5210",508
"1648456","V5212","V5210",484
"1648457","V5213","V5210",411
"1648458","V5214","V5210",20
"1648459","V5215","V5210",48
"1663259","V5211","V5211",70
"1663260","V5212","V5211",33
"1663261","V5213","V5211",72
"1663263","V5215","V5211",30
"1663266","V5218","V5211",53
"1678070","V5218","V5217",34
"1678071","V5219","V5217",45
"1678073","V5221","V5217",34
"1678076","V5224","V5217",45
"1678077","V5225","V5217",47
"1692900","V5244","V5409",39
"1692910","V5254","V5409",25
"1692913","V5257","V5409",28
"1693033","V5377","V5409",85
"1693035","V5379","V5409",26
"1693046","V5390","V5409",51
"1693049","V5393","V5409",53
"1693053","V5397","V5409",94
"1693054","V5398","V5409",45
"1693063","V5407","V5409",56
"1693064","V5408","V5409",44
"1693070","V5414","V5409",99
"1693071","V5415","V5409",29
"1693081","V5425","V5409",45
"1693088","V5432","V5409",46
"1693098","V5442","V5409",37
"1693236","V5580","V5409",32
"1705829","V3369","V5692",18
"1705855","V3395","V5692",28
"1722958","V5694","V5694",70
"1722961","V5697","V5694",42
"1737871","V5803","V5695",78
"1737872","V5804","V5695",50
"1737873","V5805","V5695",52
"1737874","V5806","V5695",32
"1752552","V5680","V5696",32
"1752568","V5696","V5696",62
"1752575","V5703","V5696",90
"1767372","V5696","V5697",26
"1767379","V5703","V5697",52
"1782154","V5674","V5698",140
"1782173","V5693","V5698",45
"1782178","V5698","V5698",90
"1796979","V5695","V5699",86
"1796983","V5699","V5699",123
"1796984","V5700","V5699",157
"1796990","V5706","V5699",18
"1796992","V5708","V5699",23
"1797087","V5803","V5699",119
"1797088","V5804","V5699",28
"1797089","V5805","V5699",80
"1797090","V5806","V5699",20
"1809464","V3376","V5714",38
"1809465","V3377","V5714",38
"1809472","V3384","V5714",32
"1809474","V3386","V5714",37
"1809478","V3390","V5714",41
"1809479","V3391","V5714",35
"1809487","V3399","V5714",43
"1809518","V3430","V5714",46
"1810041","V3953","V5714",42
"1810042","V3954","V5714",50
"1810043","V3955","V5714",46
"1810044","V3956","V5714",50
"1810046","V3958","V5714",47
"1810047","V3959","V5714",45
"1810048","V3960","V5714",91
"1810049","V3961","V5714",47
"1810050","V3962","V5714",95
"1810053","V3965","V5714",57
"1810055","V3967","V5714",49
"1810059","V3971","V5714",46
"1810060","V3972","V5714",42
"1810061","V3973","V5714",39
"1810063","V3975","V5714",46
"1810066","V3978","V5714",52
"1810071","V3983","V5714",53
"1810072","V3984","V5714",51
"1810073","V3985","V5714",43
"1810075","V3987","V5714",44
"1810079","V3991","V5714",27
"1810090","V4002","V5714",38
"1810091","V4003","V5714",42
"1810094","V4006","V5714",138
"1810097","V4009","V5714",91
"1810104","V4016","V5714",40
"1810105","V4017","V5714",46
"1810106","V4018","V5714",47
"1810107","V4019","V5714",45
"1810108","V4020","V5714",40
"1810110","V4022","V5714",40
"1810112","V4024","V5714",43
"1810114","V4026","V5714",48
"1810115","V4027","V5714",40
"1810116","V4028","V5714",45
"1810119","V4031","V5714",92
"1810121","V4033","V5714",53
"1810123","V4035","V5714",32
"1810126","V4038","V5714",40
"1810128","V4040","V5714",44
"1810132","V4044","V5714",47
"1810133","V4045","V5714",48
"1810134","V4046","V5714",48
"1810135","V4047","V5714",44
"1810138","V4050","V5714",44
"1810142","V4054","V5714",45
"1810143","V4055","V5714",41
"1810156","V4068","V5714",25
"1810157","V4069","V5714",43
"1811905","V5817","V5714",33
"1811910","V5822","V5714",50
"1811916","V5828","V5714",51
"1811917","V5829","V5714",46
"1811921","V5833","V5714",30
"1811923","V5835","V5714",32
"1811928","V5840","V5714",34
"1826635","V5743","V5746",52
"1826650","V5758","V5746",55
"1826666","V5774","V5746",52
"1826687","V5795","V5746",39
"1841432","V5736","V5747",38
"1841434","V5738","V5747",105
"1841445","V5749","V5747",39
"1841457","V5761","V5747",40
"1856235","V5735","V5748",44
"1856237","V5737","V5748",44
"1856241","V5741","V5748",43
"1856255","V5755","V5748",93
"1856263","V5763","V5748",44
"1856266","V5766","V5748",56
"1856267","V5767","V5748",38
"1856270","V5770","V5748",47
"1856286","V5786","V5748",61
"1856291","V5791","V5748",27
"1856292","V5792","V5748",49
"1856294","V5794","V5748",55
"1867927","V2623","V5853",36
"1867958","V2654","V5853",16
"1867962","V2658","V5853",46
"1867970","V2666","V5853",46
"1867977","V2673","V5853",42
"1867987","V2683","V5853",39
"1867989","V2685","V5853",34
"1867992","V2688","V5853",35
"1868004","V2700","V5853",42
"1868712","V3408","V5853",48
"1868756","V3452","V5853",38
"1868760","V3456","V5853",27
"1868764","V3460","V5853",50
"1868766","V3462","V5853",45
"1868774","V3470","V5853",28
"1868782","V3478","V5853",48
"1868795","V3491","V5853",23
"1868813","V3509","V5853",48
"1868821","V3517","V5853",45
"1868825","V3521","V5853",48
"1868901","V3597","V5853",47
"1868905","V3601","V5853",37
"1868918","V3614","V5853",50
"1869219","V3915","V5853",55
"1869220","V3916","V5853",33
"1869226","V3922","V5853",24
"1869285","V3981","V5853",22
"1869299","V3995","V5853",46
"1869300","V3996","V5853",24
"1869341","V4037","V5853",24
"1869355","V4051","V5853",37
"1871142","V5838","V5853",57
"1871144","V5840","V5853",48
"1871151","V5847","V5853",39
"1871152","V5848","V5853",49
"1871153","V5849","V5853",42
"1871155","V5851","V5853",42
"1886591","V6483","V6483",48
"1886634","V6526","V6483",50
"1886643","V6535","V6483",54
"1886646","V6538","V6483",51
"1901555","V6643","V6583",41
"1901575","V6663","V6583",38
"1901607","V6695","V6583",35
"1901615","V6703","V6583",34
"1901668","V6756","V6583",40
"1901726","V6814","V6583",45
"1901824","V6912","V6583",50
"1901828","V6916","V6583",37
"1901832","V6920","V6583",43
"1916301","V6585","V6588",47
"1916369","V6653","V6588",46
"1916406","V6690","V6588",45
"1931164","V6644","V6589",51
"1931168","V6648","V6589",47
"1931228","V6708","V6589",47
"1931235","V6715","V6589",33
"1931272","V6752","V6589",50
"1931275","V6755","V6589",27
"1931278","V6758","V6589",31
"1931323","V6803","V6589",37
"1931330","V6810","V6589",52
"1931333","V6813","V6589",49
"1931334","V6814","V6589",41
"1931348","V6828","V6589",44
"1931370","V6850","V6589",35
"1931400","V6880","V6589",25
"1931421","V6901","V6589",40
"1931430","V6910","V6589",45
"1931432","V6912","V6589",53
"1945901","V6577","V6641",34
"1945908","V6584","V6641",52
"1945909","V6585","V6641",41
"1945973","V6649","V6641",57
"1946047","V6723","V6641",54
"1946053","V6729","V6641",48
"1946239","V6915","V6641",48
"1946240","V6916","V6641",30
"1960911","V6783","V6763",42
"1960919","V6791","V6763",23
"1960928","V6800","V6763",21
"1960937","V6809","V6763",44
"1961059","V6931","V6763",38
"1961062","V6934","V6763",48
"1961079","V6951","V6763",32
"1975594","V6662","V6853",42
"1975596","V6664","V6853",44
"1975677","V6745","V6853",33
"1975690","V6758","V6853",38
"1975725","V6793","V6853",61
"1975823","V6891","V6853",51
"1975825","V6893","V6853",54
"1990453","V6717","V6860",46
"1990532","V6796","V6860",30
"1990544","V6808","V6860",36
"1990546","V6810","V6860",42
"1990594","V6858","V6860",55
"1990605","V6869","V6860",38
"1990648","V6912","V6860",34
"2005342","V6802","V6870",16
"2005348","V6808","V6870",49
"2005365","V6825","V6870",43
"2005368","V6828","V6870",50
"2005382","V6842","V6870",38
"2005392","V6852","V6870",49
"2020270","V6926","V6877",50
"2020287","V6943","V6877",44
"2020291","V6947","V6877",42
"2020292","V6948","V6877",44
"2034711","V6563","V6909",72
"2034735","V6587","V6909",29
"2034766","V6618","V6909",25
"2034768","V6620","V6909",44
"2034780","V6632","V6909",26
"2034794","V6646","V6909",42
"2034856","V6708","V6909",25
"2034857","V6709","V6909",36
"2034858","V6710","V6909",29
"2034859","V6711","V6909",28
"2034862","V6714","V6909",35
"2034863","V6715","V6909",25
"2034864","V6716","V6909",26
"2034954","V6806","V6909",36
"2034957","V6809","V6909",32
"2034979","V6831","V6909",33
"2034980","V6832","V6909",42
"2034983","V6835","V6909",51
"2034984","V6836","V6909",32
"2034987","V6839","V6909",40
"2034995","V6847","V6909",24
"2035004","V6856","V6909",26
"2035014","V6866","V6909",33
"2035019","V6871","V6909",50
"2035027","V6879","V6909",28
"2035028","V6880","V6909",32
"2035029","V6881","V6909",81
"2035038","V6890","V6909",27
"2035039","V6891","V6909",32
"2035048","V6900","V6909",24
"2035050","V6902","V6909",49
"2035055","V6907","V6909",47
"2035056","V6908","V6909",31
"2049879","V6927","V6929",28
"2049881","V6929","V6929",45
"2064683","V6927","V6932",20
"2064687","V6931","V6932",50
"2064691","V6935","V6932",23
"2064693","V6937","V6932",26
"2064702","V6946","V6932",35
"2064704","V6948","V6932",40
"2079443","V6883","V6941",32
"2079481","V6921","V6941",41
"2079483","V6923","V6941",24
"2079485","V6925","V6941",28
"2079505","V6945","V6941",23
"2079512","V6952","V6941",49
"2094288","V6924","V6945",47
"2094306","V6942","V6945",17
"2094307","V6943","V6945",42
"2094308","V6944","V6945",36
"2094314","V6950","V6945",34
"2108809","V6641","V6991",24
"2108813","V6645","V6991",39
"2108827","V6659","V6991",40
"2108832","V6664","V6991",42
"2108840","V6672","V6991",45
"2108844","V6676","V6991",43
"2108873","V6705","V6991",27
"2108874","V6706","V6991",31
"2108875","V6707","V6991",30
"2108890","V6722","V6991",20
"2108900","V6732","V6991",41
"2109155","V6987","V6991",42
"2109158","V6990","V6991",49
"2109163","V6995","V6991",44
"2109170","V7002","V6991",48
"2109177","V7009","V6991",41
"2109180","V7012","V6991",38
"2109189","V7021","V6991",21
"2109193","V7025","V6991",33
"2123577","V6605","V6994",26
"2123629","V6657","V6994",19
"2123644","V6672","V6994",26
"2123651","V6679","V6994",36
"2123652","V6680","V6994",35
"2123653","V6681","V6994",40
"2123656","V6684","V6994",40
"2123665","V6693","V6994",79
"2123675","V6703","V6994",25
"2123676","V6704","V6994",28
"2123705","V6733","V6994",31
"2123706","V6734","V6994",28
"2123710","V6738","V6994",44
"2123721","V6749","V6994",28
"2123886","V6914","V6994",28
"2123976","V7004","V6994",48
"2123997","V7025","V6994",40
"2124002","V7030","V6994",50
"2124014","V7042","V6994",53
"2138499","V6723","V6995",28
"2138512","V6736","V6995",37
"2138691","V6915","V6995",19
"2138805","V7029","V6995",48
"2138810","V7034","V6995",49
"2153222","V6642","V7013",38
"2153239","V6659","V7013",21
"2153259","V6679","V7013",36
"2153277","V6697","V7013",23
"2153285","V6705","V7013",80
"2153292","V6712","V7013",33
"2153309","V6729","V7013",25
"2153312","V6732","V7013",32
"2153321","V6741","V7013",32
"2153575","V6995","V7013",45
"2153593","V7013","V7013",87
"2153599","V7019","V7013",51
"2153609","V7029","V7013",21
"2168010","V6626","V7029",41
"2168011","V6627","V7029",41
"2168014","V6630","V7029",22
"2168017","V6633","V7029",22
"2168036","V6652","V7029",39
"2168038","V6654","V7029",28
"2168044","V6660","V7029",43
"2168046","V6662","V7029",45
"2168047","V6663","V7029",45
"2168052","V6668","V7029",52
"2168069","V6685","V7029",24
"2168070","V6686","V7029",18
"2168074","V6690","V7029",19
"2168082","V6698","V7029",37
"2168119","V6735","V7029",32
"2168125","V6741","V7029",24
"2168126","V6742","V7029",47
"2168133","V6749","V7029",31
"2168134","V6750","V7029",19
"2168270","V6886","V7029",40
"2168288","V6904","V7029",30
"2168300","V6916","V7029",22
"2168302","V6918","V7029",26
"2168376","V6992","V7029",60
"2168378","V6994","V7029",34
"2168384","V7000","V7029",43
"2168400","V7016","V7029",116
"2168406","V7022","V7029",35
"2168409","V7025","V7029",97
"2168411","V7027","V7029",46
"2168412","V7028","V7029",28
"2168416","V7032","V7029",43
"2168426","V7042","V7029",22
"2183253","V7065","V7077",26
"2198047","V7055","V7090",48
"2198054","V7062","V7090",61
"2198078","V7086","V7090",26
"2198079","V7087","V7090",34
"2198080","V7088","V7090",44
"2198082","V7090","V7090",37
"2198083","V7091","V7090",27
"2212861","V7065","V7096",15
"2212864","V7068","V7096",53
"2212877","V7081","V7096",35
"2212878","V7082","V7096",43
"2212879","V7083","V7096",32
"2212880","V7084","V7096",35
"2212883","V7087","V7096",41
"2212895","V7099","V7096",57
"2227692","V7092","V7101",27
"2227701","V7101","V7101",26
"2242876","V7472","V7478",75
"2242882","V7478","V7478",482
"2257687","V7479","V7479",48
"2257690","V7482","V7479",209
"2257691","V7483","V7479",51
"2272493","V7481","V7481",40
"2272494","V7482","V7481",273
"2272495","V7483","V7481",78
"2287295","V7479","V7483",153
"2287297","V7481","V7483",875
"2287298","V7482","V7483",435
"2287299","V7483","V7483",903
"2302092","V7472","V7484",129
"2302098","V7478","V7484",25
"2316909","V7485","V7485",96
"2316910","V7486","V7485",101
"2316911","V7487","V7485",148
"2316912","V7488","V7485",106
"2316913","V7489","V7485",90
"2316916","V7492","V7485",151
"2331722","V7494","V7489",88
"2331723","V7495","V7489",44
"2331737","V7509","V7489",42
"2346522","V7490","V7490",54
"2346526","V7494","V7490",125
"2346527","V7495","V7490",174
"2346528","V7496","V7490",42
"2346530","V7498","V7490",58
"2346531","V7499","V7490",327
"2346532","V7500","V7490",49
"2346537","V7505","V7490",31
"2346538","V7506","V7490",99
"2346542","V7510","V7490",54
"2361318","V7482","V7491",42
"2361327","V7491","V7491",1082
"2361329","V7493","V7491",42
"2361332","V7496","V7491",691
"2361333","V7497","V7491",312
"2361346","V7510","V7491",32
"2376114","V7474","V7492",22
"2376125","V7485","V7492",100
"2376126","V7486","V7492",57
"2376127","V7487","V7492",120
"2376132","V7492","V7492",68
"2376139","V7499","V7492",50
"2390932","V7488","V7493",54
"2390938","V7494","V7493",34
"2405739","V7491","V7494",192
"2405742","V7494","V7494",227
"2405743","V7495","V7494",32
"2405744","V7496","V7494",207
"2405745","V7497","V7494",319
"2405746","V7498","V7494",31
"2405748","V7500","V7494",42
"2405755","V7507","V7494",13
"2405757","V7509","V7494",24
"2405759","V7511","V7494",32
"2435364","V7508","V7509",40
"2464997","V7533","V7519",44
"2465116","V7652","V7519",30
"2465118","V7654","V7519",24
"2465133","V7669","V7519",32
"2465141","V7677","V7519",21
"2465142","V7678","V7519",29
"2465145","V7681","V7519",14
"2465157","V7693","V7519",26
"2465202","V7738","V7519",53
"2465256","V7792","V7519",24
"2465300","V7836","V7519",16
"2465310","V7846","V7519",32
"2479794","V7526","V7523",30
"2479920","V7652","V7523",55
"2479921","V7653","V7523",85
"2479922","V7654","V7523",41
"2479938","V7670","V7523",64
"2479945","V7677","V7523",59
"2479948","V7680","V7523",48
"2479949","V7681","V7523",25
"2479953","V7685","V7523",43
"2479956","V7688","V7523",105
"2479993","V7725","V7523",90
"2480013","V7745","V7523",39
"2480014","V7746","V7523",164
"2480058","V7790","V7523",25
"2480106","V7838","V7523",85
"2480111","V7843","V7523",34
"2480112","V7844","V7523",22
"2480115","V7847","V7523",56
"2494602","V7530","V7526",45
"2494766","V7694","V7526",17
"2494768","V7696","V7526",20
"2494770","V7698","V7526",27
"2494869","V7797","V7526",34
"2494923","V7851","V7526",55
"2509568","V7692","V7530",31
"2509574","V7698","V7530",24
"2509672","V7796","V7530",52
"2509726","V7850","V7530",38
"2509727","V7851","V7530",32
"2510355","V8479","V7530",46
"2510499","V8623","V7530",39
"2524212","V7532","V7531",54
"2525291","V8611","V7531",25
"2539469","V7985","V8009",100
"2539471","V7987","V8009",51
"2539482","V7998","V8009",40
"2539484","V8000","V8009",47
"2539497","V8013","V8009",50
"2539500","V8016","V8009",42
"2539509","V8025","V8009",50
"2554265","V7977","V8012",32
"2554274","V7986","V8012",36
"2554283","V7995","V8012",36
"2554297","V8009","V8012",90
"2554300","V8012","V8012",86
"2554301","V8013","V8012",54
"2569091","V7999","V8015",40
"2569092","V8000","V8015",38
"2569095","V8003","V8015",30
"2569105","V8013","V8015",53
"2569111","V8019","V8015",44
"2569119","V8027","V8015",50
"2583502","V7606","V8030",28
"2583508","V7612","V8030",36
"2583509","V7613","V8030",44
"2583510","V7614","V8030",34
"2583517","V7621","V8030",32
"2583689","V7793","V8030",24
"2583889","V7993","V8030",44
"2583891","V7995","V8030",47
"2583896","V8000","V8030",42
"2583900","V8004","V8030",49
"2583905","V8009","V8030",34
"2583906","V8010","V8030",29
"2583907","V8011","V8030",45
"2583914","V8018","V8030",35
"2583917","V8021","V8030",39
"2583919","V8023","V8030",43
"2583924","V8028","V8030",28
"2584358","V8462","V8030",41
"2584431","V8535","V8030",29
"2584457","V8561","V8030",27
"2584458","V8562","V8030",41
"2584480","V8584","V8030",30
"2598755","V8055","V8057",26
"2598756","V8056","V8057",34
"2598770","V8070","V8057",49
"2613599","V8095","V8093",95
"2613601","V8097","V8093",48
"2613610","V8106","V8093",14
"2628397","V8089","V8094",37
"2628398","V8090","V8094",490
"2628399","V8091","V8094",439
"2628400","V8092","V8094",406
"2628401","V8093","V8094",71
"2628402","V8094","V8094",331
"2628403","V8095","V8094",30
"2628404","V8096","V8094",24
"2628405","V8097","V8094",56
"2628406","V8098","V8094",353
"2628407","V8099","V8094",233
"2628408","V8100","V8094",324
"2628409","V8101","V8094",236
"2628410","V8102","V8094",262
"2628438","V8130","V8094",16
"2658077","V8161","V8175",185
"2658078","V8162","V8175",128
"2658084","V8168","V8175",329
"2658085","V8169","V8175",67
"2658087","V8171","V8175",97
"2658088","V8172","V8175",291
"2658089","V8173","V8175",151
"2658090","V8174","V8175",172
"2658091","V8175","V8175",207
"2658093","V8177","V8175",229
"2658094","V8178","V8175",195
"2658095","V8179","V8175",294
"2658096","V8180","V8175",25
"2658097","V8181","V8175",47
"2672888","V8168","V8181",33
"2672893","V8173","V8181",48
"2672897","V8177","V8181",47
"2672898","V8178","V8181",83
"2672899","V8179","V8181",42
"2672900","V8180","V8181",187
"2672901","V8181","V8181",220
"2702470","V8142","V8226",47
"2702500","V8172","V8226",32
"2717297","V8165","V8237",23
"2717383","V8251","V8237",32
"2732083","V8147","V8259",33
"2732099","V8163","V8259",26
"2732140","V8204","V8259",62
"2732174","V8238","V8259",50
"2747110","V8370","V8406",40
"2747114","V8374","V8406",70
"2747125","V8385","V8406",36
"2747128","V8388","V8406",51
"2747129","V8389","V8406",54
"2747133","V8393","V8406",43
"2747134","V8394","V8406",29
"2747137","V8397","V8406",44
"2747139","V8399","V8406",101
"2747140","V8400","V8406",46
"2747142","V8402","V8406",90
"2747152","V8412","V8406",51
"2747154","V8414","V8406",106
"2747171","V8431","V8406",43
"2747172","V8432","V8406",40
"2762016","V8472","V8474",52
"2762036","V8492","V8474",43
"2762038","V8494","V8474",51
"2762057","V8513","V8474",14
"2762139","V8595","V8474",52
"2762378","V8834","V8474",50
"2762379","V8835","V8474",30
"2762392","V8848","V8474",56
"2762393","V8849","V8474",22
"2776837","V8489","V8490",93
"2776838","V8490","V8490",25
"2776848","V8500","V8490",70
"2777192","V8844","V8490",65
"2777193","V8845","V8490",64
"2777198","V8850","V8490",51
"2791836","V8684","V8691",23
"2791837","V8685","V8691",49
"2791840","V8688","V8691",42
"2791841","V8689","V8691",30
"2791843","V8691","V8691",38
"2791844","V8692","V8691",82
"2791845","V8693","V8691",26
"2791846","V8694","V8691",45
"2791847","V8695","V8691",43
"2791854","V8702","V8691",48
"2791856","V8704","V8691",37
"2791859","V8707","V8691",49
"2791860","V8708","V8691",88
"2791861","V8709","V8691",98
"2791862","V8710","V8691",45
"2791863","V8711","V8691",48
"2791866","V8714","V8691",43
"2791877","V8725","V8691",39
"2806601","V8645","V8803",23
"2806744","V8788","V8803",44
"2806750","V8794","V8803",44
"2806761","V8805","V8803",44
"2806762","V8806","V8803",52
"2806763","V8807","V8803",39
"2806777","V8821","V8803",40
"2822079","V9319","V9294",36
"2822080","V9320","V9294",32
"2822083","V9323","V9294",27
"2826297","V13537","V9294",40
"2826449","V13689","V9294",27
"2836953","V9389","V9387",46
"2851756","V9388","V9388",102
"2851757","V9389","V9388",246
"2851758","V9390","V9388",313
"2881373","V9397","V9399",44
"2881375","V9399","V9399",349
"2881376","V9400","V9399",20
"2881377","V9401","V9399",139
"2881379","V9403","V9399",37
"2881380","V9404","V9399",100
"2955455","V9459","V9463",51
"2955479","V9483","V9463",47
"2955522","V9526","V9463",54
"2955531","V9535","V9463",51
"2955543","V9547","V9463",58
"2955554","V9558","V9463",51
"2970257","V9457","V9482",53
"2970266","V9466","V9482",45
"2970330","V9530","V9482",41
"2970337","V9537","V9482",51
"2970339","V9539","V9482",39
"2970343","V9543","V9482",52
"2970350","V9550","V9482",44
"2970352","V9552","V9482",95
"2970357","V9557","V9482",49
"2970358","V9558","V9482",39
"2970361","V9561","V9482",35
"2970362","V9562","V9482",30
"2970387","V9587","V9482",37
"2970427","V9627","V9482",31
"2985054","V9450","V9485",49
"2985055","V9451","V9485",52
"2985057","V9453","V9485",106
"2985062","V9458","V9485",52
"2985063","V9459","V9485",36
"2985065","V9461","V9485",28
"2985070","V9466","V9485",37
"2985082","V9478","V9485",30
"2985086","V9482","V9485",29
"2985090","V9486","V9485",43
"2985096","V9492","V9485",47
"2985097","V9493","V9485",53
"2985099","V9495","V9485",44
"2985118","V9514","V9485",52
"2985122","V9518","V9485",49
"2985131","V9527","V9485",37
"2985132","V9528","V9485",80
"2985135","V9531","V9485",45
"2985140","V9536","V9485",84
"2985141","V9537","V9485",30
"2985142","V9538","V9485",30
"2985143","V9539","V9485",133
"2985145","V9541","V9485",40
"2985146","V9542","V9485",36
"2985147","V9543","V9485",29
"2985153","V9549","V9485",32
"2985155","V9551","V9485",33
"2985167","V9563","V9485",35
"2985169","V9565","V9485",46
"2985170","V9566","V9485",44
"2985171","V9567","V9485",43
"2985172","V9568","V9485",46
"2985176","V9572","V9485",38
"2985208","V9604","V9485",62
"2985234","V9630","V9485",27
"2985240","V9636","V9485",64
"2999869","V9461","V9496",46
"2999870","V9462","V9496",97
"2999872","V9464","V9496",58
"2999894","V9486","V9496",50
"2999958","V9550","V9496",44
"2999959","V9551","V9496",50
"2999977","V9569","V9496",32
"3014669","V9457","V9499",48
"3014674","V9462","V9499",72
"3014675","V9463","V9499",46
"3014688","V9476","V9499",39
"3014706","V9494","V9499",64
"3014844","V9632","V9499",31
"3014850","V9638","V9499",36
"3014852","V9640","V9499",35
"3029470","V9454","V9523",86
"3029473","V9457","V9523",79
"3029476","V9460","V9523",47
"3029481","V9465","V9523",39
"3029493","V9477","V9523",36
"3029494","V9478","V9523",48
"3029499","V9483","V9523",44
"3029504","V9488","V9523",52
"3029507","V9491","V9523",47
"3029512","V9496","V9523",29
"3029514","V9498","V9523",20
"3029529","V9513","V9523",50
"3029543","V9527","V9523",31
"3029556","V9540","V9523",55
"3029558","V9542","V9523",55
"3029559","V9543","V9523",39
"3029579","V9563","V9523",25
"3029589","V9573","V9523",34
"3044288","V9468","V9539",32
"3044309","V9489","V9539",42
"3044310","V9490","V9539",30
"3044311","V9491","V9539",33
"3044348","V9528","V9539",57
"3044350","V9530","V9539",49
"3044352","V9532","V9539",16
"3044353","V9533","V9539",46
"3044357","V9537","V9539",39
"3044361","V9541","V9539",39
"3044370","V9550","V9539",28
"3044374","V9554","V9539",26
"3044401","V9581","V9539",56
"3044998","V10178","V9539",18
"3045004","V10184","V9539",25
"3059151","V9527","V9547",49
"3059152","V9528","V9547",49
"3059154","V9530","V9547",50
"3059162","V9538","V9547",45
"3073954","V9526","V9565",41
"3073955","V9527","V9565",56
"3073956","V9528","V9565",50
"3073959","V9531","V9565",42
"3073961","V9533","V9565",53
"3073962","V9534","V9565",41
"3073965","V9537","V9565",54
"3073971","V9543","V9565",61
"3073972","V9544","V9565",56
"3073973","V9545","V9565",52
"3073981","V9553","V9565",51
"3073982","V9554","V9565",48
"3073983","V9555","V9565",59
"3073984","V9556","V9565",50
"3073994","V9566","V9565",50
"3074591","V10163","V9565",21
"3074603","V10175","V9565",30
"3088759","V9527","V9571",50
"3088760","V9528","V9571",44
"3088765","V9533","V9571",45
"3088766","V9534","V9571",41
"3088786","V9554","V9571",37
"3088787","V9555","V9571",44
"3088788","V9556","V9571",30
"3088790","V9558","V9571",33
"3088792","V9560","V9571",39
"3088802","V9570","V9571",22
"3088810","V9578","V9571",42
"3088821","V9589","V9571",42
"3088823","V9591","V9571",48
"3088824","V9592","V9571",44
"3088861","V9629","V9571",16
"3098699","V4663","V9578",35
"3099102","V5066","V9578",22
"3103458","V9422","V9578",35
"3103616","V9580","V9578",76
"3103626","V9590","V9578",38
"3103628","V9592","V9578",23
"3103666","V9630","V9578",29
"3104181","V10145","V9578",14
"3104184","V10148","V9578",30
"3104197","V10161","V9578",18
"3104204","V10168","V9578",23
"3104241","V10205","V9578",25
"3104249","V10213","V9578",28
"3104254","V10218","V9578",16
"3104265","V10229","V9578",32
"3104306","V10270","V9578",31
"3118405","V9565","V9590",24
"3118422","V9582","V9590",42
"3118424","V9584","V9590",49
"3118479","V9639","V9590",30
"3118481","V9641","V9590",32
"3119003","V10163","V9590",44
"3119007","V10167","V9590",32
"3119011","V10171","V9590",20
"3119064","V10224","V9590",23
"3119115","V10275","V9590",27
"3125780","V2136","V9598",22
"3140577","V2129","V9601",19
"3141084","V2636","V9601",19
"3147897","V9449","V9601",58
"3147900","V9452","V9601",47
"3147907","V9459","V9601",55
"3147997","V9549","V9601",51
"3148000","V9552","V9601",56
"3148005","V9557","V9601",48
"3148016","V9568","V9601",53
"3148658","V10210","V9601",18
"3162718","V9466","V9605",43
"3162778","V9526","V9605",30
"3162782","V9530","V9605",48
"3162784","V9532","V9605",85
"3162786","V9534","V9605",24
"3162789","V9537","V9605",39
"3162793","V9541","V9605",55
"3162795","V9543","V9605",67
"3162799","V9547","V9605",42
"3162802","V9550","V9605",45
"3162805","V9553","V9605",40
"3162811","V9559","V9605",40
"3162821","V9569","V9605",48
"3162824","V9572","V9605",84
"3162825","V9573","V9605",45
"3162828","V9576","V9605",47
"3162853","V9601","V9605",20
"3162858","V9606","V9605",24
"3162884","V9632","V9605",18
"3163449","V10197","V9605",21
"3177583","V9527","V9609",45
"3177587","V9531","V9609",45
"3177593","V9537","V9609",52
"3177601","V9545","V9609",26
"3177685","V9629","V9609",46
"3178233","V10177","V9609",31
"3184881","V2021","V9614",19
"3184935","V2075","V9614",21
"3184940","V2080","V9614",18
"3184944","V2084","V9614",17
"3186311","V3451","V9614",26
"3186318","V3458","V9614",33
"3186350","V3490","V9614",28
"3186352","V3492","V9614",30
"3186427","V3567","V9614",20
"3186794","V3934","V9614",27
"3186830","V3970","V9614",29
"3186861","V4001","V9614",31
"3192326","V9466","V9614",19
"3192462","V9602","V9614",20
"3192463","V9603","V9614",48
"3199691","V2027","V9615",20
"3199701","V2037","V9615",23
"3199730","V2066","V9615",25
"3199756","V2092","V9615",23
"3199770","V2106","V9615",34
"3199923","V2259","V9615",23
"3200035","V2371","V9615",27
"3200263","V2599","V9615",30
"3201113","V3449","V9615",30
"3201594","V3930","V9615",25
"3201595","V3931","V9615",37
"3201622","V3958","V9615",26
"3201698","V4034","V9615",23
"3203503","V5839","V9615",29
"3207125","V9461","V9615",26
"3207261","V9597","V9615",23
"3207264","V9600","V9615",41
"3207277","V9613","V9615",40
"3214501","V2033","V9616",29
"3214624","V2156","V9616",21
"3215068","V2600","V9616",31
"3215074","V2606","V9616",37
"3215085","V2617","V9616",34
"3215087","V2619","V9616",38
"3215088","V2620","V9616",38
"3215114","V2646","V9616",41
"3215129","V2661","V9616",40
"3215143","V2675","V9616",44
"3215147","V2679","V9616",36
"3215148","V2680","V9616",36
"3215881","V3413","V9616",22
"3215883","V3415","V9616",30
"3215884","V3416","V9616",27
"3215957","V3489","V9616",22
"3215997","V3529","V9616",29
"3216025","V3557","V9616",30
"3216060","V3592","V9616",23
"3216071","V3603","V9616",21
"3216078","V3610","V9616",27
"3216388","V3920","V9616",26
"3216389","V3921","V9616",21
"3216407","V3939","V9616",18
"3216415","V3947","V9616",26
"3216418","V3950","V9616",23
"3216476","V4008","V9616",26
"3216494","V4026","V9616",32
"3216497","V4029","V9616",31
"3216503","V4035","V9616",23
"3216518","V4050","V9616",30
"3222066","V9598","V9616",17
"3222069","V9601","V9616",30
"3222073","V9605","V9616",51
"3222078","V9610","V9616",18
"3222079","V9611","V9616",22
"3222080","V9612","V9616",23
"3222097","V9629","V9616",41
"3222099","V9631","V9616",45
"3222101","V9633","V9616",46
"3222104","V9636","V9616",51
"3236800","V9528","V9634",30
"3236877","V9605","V9634",35
"3236880","V9608","V9634",50
"3236898","V9626","V9634",60
"3236906","V9634","V9634",52
"3246666","V4590","V9644",17
"3251495","V9419","V9644",43
"3251498","V9422","V9644",38
"3251500","V9424","V9644",22
"3251669","V9593","V9644",54
"3251670","V9594","V9644",22
"3252294","V10218","V9644",19
"3252300","V10224","V9644",21
"3252305","V10229","V9644",31
"3252348","V10272","V9644",36
"3252351","V10275","V9644",28
"3252352","V10276","V9644",31
"3252388","V10312","V9644",21
"3261645","V4765","V9646",26
"3266524","V9644","V9646",18
"3266527","V9647","V9646",19
"3266895","V10015","V9646",22
"3267074","V10194","V9646",23
"3267167","V10287","V9646",25
"3267190","V10310","V9646",28
"3281345","V9661","V9660",46
"3281354","V9670","V9660",54
"3281387","V9703","V9660",40
"3281401","V9717","V9660",46
"3281404","V9720","V9660",35
"3281429","V9745","V9660",20
"3282250","V10566","V9660",19
"3282296","V10612","V9660",30
"3287731","V1243","V9663",19
"3296149","V9661","V9663",33
"3296154","V9666","V9663",45
"3296158","V9670","V9663",70
"3296162","V9674","V9663",55
"3296167","V9679","V9663",36
"3296169","V9681","V9663",42
"3296176","V9688","V9663",47
"3296187","V9699","V9663",42
"3296189","V9701","V9663",41
"3296191","V9703","V9663",44
"3296193","V9705","V9663",40
"3296195","V9707","V9663",57
"3296200","V9712","V9663",43
"3296203","V9715","V9663",24
"3296209","V9721","V9663",28
"3296211","V9723","V9663",42
"3296220","V9732","V9663",97
"3296240","V9752","V9663",26
"3302536","V1244","V9673",19
"3310949","V9657","V9673",35
"3310954","V9662","V9673",41
"3310960","V9668","V9673",37
"3310964","V9672","V9673",56
"3310965","V9673","V9673",32
"3310976","V9684","V9673",34
"3310986","V9694","V9673",36
"3310991","V9699","V9673",40
"3310994","V9702","V9673",26
"3311010","V9718","V9673",25
"3311025","V9733","V9673",25
"3311026","V9734","V9673",25
"3311027","V9735","V9673",29
"3311029","V9737","V9673",28
"3311035","V9743","V9673",47
"3311048","V9756","V9673",77
"3311049","V9757","V9673",53
"3311836","V10544","V9673",23
"3311848","V10556","V9673",19
"3311855","V10563","V9673",35
"3311857","V10565","V9673",23
"3311868","V10576","V9673",39
"3311870","V10578","V9673",31
"3311872","V10580","V9673",25
"3311873","V10581","V9673",24
"3311874","V10582","V9673",30
"3311878","V10586","V9673",18
"3311886","V10594","V9673",41
"3311888","V10596","V9673",18
"3317275","V1179","V9713",26
"3317277","V1181","V9713",30
"3317278","V1182","V9713",28
"3317339","V1243","V9713",20
"3325791","V9695","V9713",32
"3325802","V9706","V9713",29
"3325828","V9732","V9713",34
"3340746","V9846","V9779",51
"3340843","V9943","V9779",45
"3355726","V10022","V10025",57
"3355727","V10023","V10025",52
"3355729","V10025","V10025",95
"3355730","V10026","V10025",50
"3355734","V10030","V10025",49
"3355741","V10037","V10025",45
"3355744","V10040","V10025",54
"3355747","V10043","V10025",52
"3355758","V10054","V10025",56
"3355761","V10057","V10025",52
"3355762","V10058","V10025",50
"3355831","V10127","V10025",48
"3356114","V10410","V10025",103
"3356115","V10411","V10025",88
"3356116","V10412","V10025",51
"3356214","V10510","V10025",57
"3356216","V10512","V10025",52
"3356222","V10518","V10025",53
"3371006","V10498","V10026",44
"3385320","V10008","V10094",41
"3385343","V10031","V10094",51
"3385359","V10047","V10094",46
"3385372","V10060","V10094",76
"3385377","V10065","V10094",71
"3385378","V10066","V10094",42
"3385394","V10082","V10094",41
"3385395","V10083","V10094",39
"3385408","V10096","V10094",39
"3385422","V10110","V10094",26
"3385428","V10116","V10094",38
"3385432","V10120","V10094",43
"3385444","V10132","V10094",83
"3385445","V10133","V10094",42
"3385611","V10299","V10094",47
"3385714","V10402","V10094",29
"3385729","V10417","V10094",52
"3385826","V10514","V10094",34
"3385833","V10521","V10094",46
"3400124","V10008","V10463",51
"3400133","V10017","V10463",49
"3400247","V10131","V10463",77
"3400251","V10135","V10463",49
"3400253","V10137","V10463",28
"3400480","V10364","V10463",47
"3400495","V10379","V10463",159
"3400496","V10380","V10463",211
"3400540","V10424","V10463",47
"3400542","V10426","V10463",30
"3400561","V10445","V10463",56
"3400563","V10447","V10463",49
"3400568","V10452","V10463",78
"3400571","V10455","V10463",49
"3400573","V10457","V10463",49
"3400575","V10459","V10463",106
"3400577","V10461","V10463",92
"3400578","V10462","V10463",31
"3400579","V10463","V10463",182
"3400580","V10464","V10463",31
"3400583","V10467","V10463",36
"3400585","V10469","V10463",40
"3400586","V10470","V10463",89
"3400592","V10476","V10463",94
"3400594","V10478","V10463",72
"3400600","V10484","V10463",64
"3400601","V10485","V10463",251
"3400602","V10486","V10463",109
"3400603","V10487","V10463",91
"3400604","V10488","V10463",21
"3400605","V10489","V10463",149
"3400606","V10490","V10463",29
"3400609","V10493","V10463",36
"3400611","V10495","V10463",385
"3400613","V10497","V10463",47
"3400616","V10500","V10463",43
"3400621","V10505","V10463",320
"3400622","V10506","V10463",212
"3400625","V10509","V10463",133
"3400629","V10513","V10463",53
"3400630","V10514","V10463",44
"3400636","V10520","V10463",47
"3414949","V10029","V10478",42
"3414973","V10053","V10478",43
"3415055","V10135","V10478",26
"3415263","V10343","V10478",41
"3415339","V10419","V10478",41
"3415391","V10471","V10478",51
"3415406","V10486","V10478",74
"3415407","V10487","V10478",29
"3415414","V10494","V10478",47
"3415420","V10500","V10478",33
"3415443","V10523","V10478",43
"3415444","V10524","V10478",32
"3415445","V10525","V10478",37
"3429732","V10008","V10513",31
"3429733","V10009","V10513",30
"3429743","V10019","V10513",33
"3429744","V10020","V10513",25
"3429745","V10021","V10513",32
"3429748","V10024","V10513",83
"3429751","V10027","V10513",65
"3429752","V10028","V10513",41
"3429756","V10032","V10513",136
"3429758","V10034","V10513",132
"3429759","V10035","V10513",42
"3429766","V10042","V10513",93
"3429768","V10044","V10513",33
"3429771","V10047","V10513",44
"3429775","V10051","V10513",98
"3429776","V10052","V10513",25
"3429790","V10066","V10513",15
"3429856","V10132","V10513",99
"3429858","V10134","V10513",38
"3429859","V10135","V10513",47
"3429860","V10136","V10513",30
"3430210","V10486","V10513",59
"3430214","V10490","V10513",48
"3430218","V10494","V10513",31
"3430221","V10497","V10513",37
"3430224","V10500","V10513",44
"3430225","V10501","V10513",91
"3430226","V10502","V10513",150
"3430229","V10505","V10513",36
"3430233","V10509","V10513",68
"3430237","V10513","V10513",129
"3430238","V10514","V10513",83
"3430244","V10520","V10513",85
"3430245","V10521","V10513",196
"3430251","V10527","V10513",144
"3430252","V10528","V10513",52
"3445077","V10549","V10543",44
"3445099","V10571","V10543",41
"3459861","V10529","V10549",31
"3459869","V10537","V10549",21
"3459883","V10551","V10549",45
"3459916","V10584","V10549",38
"3459978","V10646","V10549",48
"3474681","V10545","V10587",46
"3474727","V10591","V10587",51
"3489484","V10544","V10598",22
"3489494","V10554","V10598",47
"3489500","V10560","V10598",46
"3489512","V10572","V10598",24
"3489515","V10575","V10598",44
"3489517","V10577","V10598",46
"3489518","V10578","V10598",35
"3489524","V10584","V10598",52
"3489528","V10588","V10598",34
"3489529","V10589","V10598",33
"3489532","V10592","V10598",28
"3489533","V10593","V10598",65
"3489534","V10594","V10598",49
"3489536","V10596","V10598",51
"3489537","V10597","V10598",75
"3489539","V10599","V10598",46
"3489540","V10600","V10598",44
"3489541","V10601","V10598",31
"3489542","V10602","V10598",52
"3489543","V10603","V10598",81
"3489547","V10607","V10598",28
"3489549","V10609","V10598",52
"3489550","V10610","V10598",49
"3489552","V10612","V10598",42
"3489554","V10614","V10598",32
"3489557","V10617","V10598",83
"3489558","V10618","V10598",79
"3489561","V10621","V10598",75
"3489565","V10625","V10598",43
"3504321","V10577","V10609",19
"3504328","V10584","V10609",50
"3504360","V10616","V10609",45
"3504383","V10639","V10609",48
"3519085","V10537","V10619",25
"3519089","V10541","V10619",98
"3519090","V10542","V10619",19
"3519093","V10545","V10619",45
"3519119","V10571","V10619",52
"3519125","V10577","V10619",41
"3519126","V10578","V10619",37
"3519137","V10589","V10619",28
"3519141","V10593","V10619",46
"3519149","V10601","V10619",55
"3519152","V10604","V10619",52
"3519156","V10608","V10619",30
"3519160","V10612","V10619",49
"3519172","V10624","V10619",39
"3533928","V10576","V10642",48
"3533938","V10586","V10642",79
"3533939","V10587","V10642",44
"3533942","V10590","V10642",43
"3533944","V10592","V10642",27
"3533945","V10593","V10642",81
"3533953","V10601","V10642",34
"3533958","V10606","V10642",74
"3533959","V10607","V10642",36
"3533966","V10614","V10642",38
"3533967","V10615","V10642",42
"3533977","V10625","V10642",90
"3533981","V10629","V10642",39
"3533994","V10642","V10642",46
"3533996","V10644","V10642",55
"3548692","V10536","V10644",27
"3548710","V10554","V10644",52
"3548715","V10559","V10644",44
"3548719","V10563","V10644",57
"3548725","V10569","V10644",30
"3548729","V10573","V10644",52
"3548740","V10584","V10644",44
"3548755","V10599","V10644",93
"3548776","V10620","V10644",53
"3548777","V10621","V10644",50
"3548779","V10623","V10644",41
"3548785","V10629","V10644",47
"3548800","V10644","V10644",48
"3563796","V10836","V10842",33
"3563797","V10837","V10842",135
"3563798","V10838","V10842",21
"3563799","V10839","V10842",169
"3563800","V10840","V10842",177
"3563801","V10841","V10842",46
"3563802","V10842","V10842",138
"3563804","V10844","V10842",18
"3563830","V10870","V10842",23
"3563841","V10881","V10842",28
"3563849","V10889","V10842",31
"3578607","V10843","V10843",51
"3578611","V10847","V10843",28
"3578612","V10848","V10843",20
"3578613","V10849","V10843",120
"3578625","V10861","V10843",45
"3578628","V10864","V10843",52
"3578629","V10865","V10843",48
"3578630","V10866","V10843",46
"3578632","V10868","V10843",32
"3578633","V10869","V10843",145
"3578634","V10870","V10843",84
"3578635","V10871","V10843",82
"3578637","V10873","V10843",188
"3578638","V10874","V10843",146
"3578639","V10875","V10843",50
"3578640","V10876","V10843",125
"3578641","V10877","V10843",90
"3578642","V10878","V10843",89
"3578646","V10882","V10843",32
"3578649","V10885","V10843",53
"3578650","V10886","V10843",24
"3578651","V10887","V10843",98
"3578653","V10889","V10843",25
"3593415","V10847","V10844",60
"3593416","V10848","V10844",55
"3593418","V10850","V10844",18
"3593419","V10851","V10844",32
"3593433","V10865","V10844",43
"3593436","V10868","V10844",128
"3593437","V10869","V10844",31
"3593438","V10870","V10844",47
"3593439","V10871","V10844",107
"3593440","V10872","V10844",105
"3593444","V10876","V10844",114
"3593445","V10877","V10844",110
"3593446","V10878","V10844",109
"3593452","V10884","V10844",38
"3593453","V10885","V10844",33
"3593454","V10886","V10844",147
"3593455","V10887","V10844",70
"3593473","V10905","V10844",27
"3593474","V10906","V10844",33
"3593477","V10909","V10844",29
"3608217","V10845","V10845",22
"3608239","V10867","V10845",36
"3608247","V10875","V10845",50
"3608251","V10879","V10845",56
"3608252","V10880","V10845",43
"3608255","V10883","V10845",46
"3623131","V10955","V11490",112
"3623294","V11118","V11490",30
"3623396","V11220","V11490",44
"3623398","V11222","V11490",38
"3623399","V11223","V11490",47
"3623425","V11249","V11490",84
"3623440","V11264","V11490",15
"3623670","V11494","V11490",48
"3637955","V10975","V12232",43
"3638306","V11326","V12232",48
"3638354","V11374","V12232",50
"3638355","V11375","V12232",44
"3638356","V11376","V12232",23
"3638441","V11461","V12232",90
"3638445","V11465","V12232",47
"3638447","V11467","V12232",51
"3638456","V11476","V12232",47
"3638460","V11480","V12232",52
"3638461","V11481","V12232",51
"3639111","V12131","V12232",42
"3639144","V12164","V12232",30
"3639208","V12228","V12232",51
"3639211","V12231","V12232",95
"3639214","V12234","V12232",28
"3639221","V12241","V12232",33
"3639229","V12249","V12232",42
"3640423","V13443","V12232",26
"3643060","V1276","V13472",27
"3655007","V13223","V13472",51
"3655011","V13227","V13472",61
"3655012","V13228","V13472",48
"3655023","V13239","V13472",46
"3655028","V13244","V13472",28
"3655039","V13255","V13472",42
"3655072","V13288","V13472",45
"3655204","V13420","V13472",53
"3655205","V13421","V13472",43
"3655216","V13432","V13472",49
"3655235","V13451","V13472",43
"3655249","V13465","V13472",42
"3655266","V13482","V13472",50
"3668583","V11995","V13486",32
"3669810","V13222","V13486",32
"3669811","V13223","V13486",34
"3669817","V13229","V13486",58
"3669818","V13230","V13486",38
"3669858","V13270","V13486",106
"3669996","V13408","V13486",50
"3670006","V13418","V13486",51
"3670017","V13429","V13486",55
"3670027","V13439","V13486",52
"3670042","V13454","V13486",48
"3670053","V13465","V13486",29
"3670054","V13466","V13486",39
"3670055","V13467","V13486",32
"3670056","V13468","V13486",34
"3670064","V13476","V13486",25
"3670069","V13481","V13486",47
"3670070","V13482","V13486",46
"3670073","V13485","V13486",26
"3670074","V13486","V13486",76
"3670075","V13487","V13486",34
"3670078","V13490","V13486",40
"3670083","V13495","V13486",50
"3683460","V12068","V13492",36
"3684620","V13228","V13492",40
"3684624","V13232","V13492",88
"3684625","V13233","V13492",50
"3684626","V13234","V13492",39
"3684813","V13421","V13492",46
"3684817","V13425","V13492",50
"3684818","V13426","V13492",53
"3684821","V13429","V13492",54
"3684834","V13442","V13492",46
"3684835","V13443","V13492",41
"3684841","V13449","V13492",32
"3684843","V13451","V13492",47
"3684849","V13457","V13492",34
"3684850","V13458","V13492",91
"3684853","V13461","V13492",34
"3684856","V13464","V13492",52
"3684870","V13478","V13492",52
"3684873","V13481","V13492",47
"3684875","V13483","V13492",49
"3684876","V13484","V13492",44
"3684887","V13495","V13492",44
"3684888","V13496","V13492",53
"3684889","V13497","V13492",43
"3684891","V13499","V13492",48
"3684897","V13505","V13492",43
"3684898","V13506","V13492",43
"3684900","V13508","V13492",53
"3684902","V13510","V13492",42
"3684903","V13511","V13492",40
"3684906","V13514","V13492",51
"3684909","V13517","V13492",48
"3684912","V13520","V13492",39
"3684915","V13523","V13492",46
"3698267","V12071","V13496",43
"3699425","V13229","V13496",43
"3699426","V13230","V13496",52
"3699429","V13233","V13496",39
"3699432","V13236","V13496",46
"3699451","V13255","V13496",49
"3699610","V13414","V13496",44
"3699611","V13415","V13496",37
"3699612","V13416","V13496",91
"3699613","V13417","V13496",25
"3699616","V13420","V13496",50
"3699621","V13425","V13496",44
"3699622","V13426","V13496",40
"3699679","V13483","V13496",39
"3699680","V13484","V13496",42
"3699684","V13488","V13496",47
"3699688","V13492","V13496",105
"3699690","V13494","V13496",45
"3699691","V13495","V13496",136
"3699692","V13496","V13496",36
"3699693","V13497","V13496",80
"3699695","V13499","V13496",82
"3699696","V13500","V13496",37
"3699697","V13501","V13496",91
"3699709","V13513","V13496",52
"3699711","V13515","V13496",54
"3699715","V13519","V13496",32
"3712427","V11427","V13529",56
"3712428","V11428","V13529",42
"3712429","V11429","V13529",52
"3713066","V12066","V13529",28
"3714225","V13225","V13529",25
"3714230","V13230","V13529",43
"3714235","V13235","V13529",79
"3714237","V13237","V13529",35
"3714238","V13238","V13529",91
"3714241","V13241","V13529",50
"3714428","V13428","V13529",46
"3714440","V13440","V13529",47
"3714445","V13445","V13529",38
"3714450","V13450","V13529",39
"3714456","V13456","V13529",89
"3714464","V13464","V13529",39
"3714466","V13466","V13529",55
"3714479","V13479","V13529",82
"3714487","V13487","V13529",39
"3714491","V13491","V13529",68
"3714494","V13494","V13529",136
"3714502","V13502","V13529",55
"3714506","V13506","V13529",14
"3714509","V13509","V13529",44
"3714513","V13513","V13529",41
"3714518","V13518","V13529",48
"3714521","V13521","V13529",54
"3714522","V13522","V13529",50
"3714523","V13523","V13529",91
"3714526","V13526","V13529",52
"3714527","V13527","V13529",31
"3714528","V13528","V13529",58
"3714529","V13529","V13529",51
"3725081","V9277","V13531",21
"3725083","V9279","V13531",25
"3725107","V9303","V13531",38
"3725120","V9316","V13531",28
"3726859","V11055","V13531",13
"3726869","V11065","V13531",20
"3726945","V11141","V13531",21
"3727427","V11623","V13531",40
"3729334","V13530","V13531",37
"3741749","V11141","V13536",25
"3742591","V11983","V13536",23
"3743088","V12480","V13536",30
"3743106","V12498","V13536",27
"3743513","V12905","V13536",30
"3743782","V13174","V13536",24
"3744232","V13624","V13536",75
"3744233","V13625","V13536",37
"3744238","V13630","V13536",39
"3744245","V13637","V13536",35
"3744263","V13655","V13536",91
"3744264","V13656","V13536",27
"3744266","V13658","V13536",44
"3744312","V13704","V13536",32
"3744457","V13849","V13536",50
"3744460","V13852","V13536",44
"3744616","V14008","V13536",46
"3774276","V14060","V14066",26
"3774278","V14062","V14066",41
"3774282","V14066","V14066",32
"3789079","V14059","V14070",40
"3789081","V14061","V14070",22
"3789091","V14071","V14070",57
"3789095","V14075","V14070",48
"3789099","V14079","V14070",48
"3789100","V14080","V14070",41
"3818747","V14119","V14110",48
"3818764","V14136","V14110",34
"3818767","V14139","V14110",15
"3818769","V14141","V14110",52
"3833535","V14103","V14115",42
"3833546","V14114","V14115",34
"3833547","V14115","V14115",34
"3833566","V14134","V14115",34
"3833567","V14135","V14115",46
"3833577","V14145","V14115",22
"3833579","V14147","V14115",39
"3848361","V14125","V14159",53
"3863367","V14327","V14354",64
"3863384","V14344","V14354",59
"3863385","V14345","V14354",43
"3863459","V14419","V14354",40
"3863461","V14421","V14354",51
